"indicator_id","indicator_name","unit","geo_area","geo_name","sex","time_period","value","status","source","source_url","extraction_date","methodology_note"
"POP-FEMALE","Poblacion de mujeres","persons","01","Aguascalientes","female","1995","440396","official","INEGI Banco de Indicadores API v2.0","https://www.inegi.org.mx/app/api/indicadores/desarrolladores/jsonxml","2026-08-02","Consulta API validada; periodo censal comparable por entidad y sexo. 2015 excluido por cobertura incompleta."
"POP-MALE","Poblacion de hombres","persons","01","Aguascalientes","male","1995","422324","official","INEGI Banco de Indicadores API v2.0","https://www.inegi.org.mx/app/api/indicadores/desarrolladores/jsonxml","2026-08-02","Consulta API validada; periodo censal comparable por entidad y sexo. 2015 excluido por cobertura incompleta."
"POP-TOTAL","Poblacion total","persons","01","Aguascalientes","total","1995","862720","official","INEGI Banco de Indicadores API v2.0","https://www.inegi.org.mx/app/api/indicadores/desarrolladores/jsonxml","2026-08-02","Consulta API validada; periodo censal comparable por entidad y sexo. 2015 excluido por cobertura incompleta."
"POP-FEMALE","Poblacion de mujeres","persons","01","Aguascalientes","female","2000","487752","official","INEGI Banco de Indicadores API v2.0","https://www.inegi.org.mx/app/api/indicadores/desarrolladores/jsonxml","2026-08-02","Consulta API validada; periodo censal comparable por entidad y sexo. 2015 excluido por cobertura incompleta."
"POP-MALE","Poblacion de hombres","persons","01","Aguascalientes","male","2000","456533","official","INEGI Banco de Indicadores API v2.0","https://www.inegi.org.mx/app/api/indicadores/desarrolladores/jsonxml","2026-08-02","Consulta API validada; periodo censal comparable por entidad y sexo. 2015 excluido por cobertura incompleta."
"POP-TOTAL","Poblacion total","persons","01","Aguascalientes","total","2000","944285","official","INEGI Banco de Indicadores API v2.0","https://www.inegi.org.mx/app/api/indicadores/desarrolladores/jsonxml","2026-08-02","Consulta API validada; periodo censal comparable por entidad y sexo. 2015 excluido por cobertura incompleta."
"POP-FEMALE","Poblacion de mujeres","persons","01","Aguascalientes","female","2005","550052","official","INEGI Banco de Indicadores API v2.0","https://www.inegi.org.mx/app/api/indicadores/desarrolladores/jsonxml","2026-08-02","Consulta API validada; periodo censal comparable por entidad y sexo. 2015 excluido por cobertura incompleta."
"POP-MALE","Poblacion de hombres","persons","01","Aguascalientes","male","2005","515364","official","INEGI Banco de Indicadores API v2.0","https://www.inegi.org.mx/app/api/indicadores/desarrolladores/jsonxml","2026-08-02","Consulta API validada; periodo censal comparable por entidad y sexo. 2015 excluido por cobertura incompleta."
"POP-TOTAL","Poblacion total","persons","01","Aguascalientes","total","2005","1065416","official","INEGI Banco de Indicadores API v2.0","https://www.inegi.org.mx/app/api/indicadores/desarrolladores/jsonxml","2026-08-02","Consulta API validada; periodo censal comparable por entidad y sexo. 2015 excluido por cobertura incompleta."
"POP-FEMALE","Poblacion de mujeres","persons","01","Aguascalientes","female","2010","608358","official","INEGI Banco de Indicadores API v2.0","https://www.inegi.org.mx/app/api/indicadores/desarrolladores/jsonxml","2026-08-02","Consulta API validada; periodo censal comparable por entidad y sexo. 2015 excluido por cobertura incompleta."
"POP-MALE","Poblacion de hombres","persons","01","Aguascalientes","male","2010","576638","official","INEGI Banco de Indicadores API v2.0","https://www.inegi.org.mx/app/api/indicadores/desarrolladores/jsonxml","2026-08-02","Consulta API validada; periodo censal comparable por entidad y sexo. 2015 excluido por cobertura incompleta."
"POP-TOTAL","Poblacion total","persons","01","Aguascalientes","total","2010","1184996","official","INEGI Banco de Indicadores API v2.0","https://www.inegi.org.mx/app/api/indicadores/desarrolladores/jsonxml","2026-08-02","Consulta API validada; periodo censal comparable por entidad y sexo. 2015 excluido por cobertura incompleta."
"POP-FEMALE","Poblacion de mujeres","persons","01","Aguascalientes","female","2020","728924","official","INEGI Banco de Indicadores API v2.0","https://www.inegi.org.mx/app/api/indicadores/desarrolladores/jsonxml","2026-08-02","Consulta API validada; periodo censal comparable por entidad y sexo. 2015 excluido por cobertura incompleta."
"POP-MALE","Poblacion de hombres","persons","01","Aguascalientes","male","2020","696683","official","INEGI Banco de Indicadores API v2.0","https://www.inegi.org.mx/app/api/indicadores/desarrolladores/jsonxml","2026-08-02","Consulta API validada; periodo censal comparable por entidad y sexo. 2015 excluido por cobertura incompleta."
"POP-TOTAL","Poblacion total","persons","01","Aguascalientes","total","2020","1425607","official","INEGI Banco de Indicadores API v2.0","https://www.inegi.org.mx/app/api/indicadores/desarrolladores/jsonxml","2026-08-02","Consulta API validada; periodo censal comparable por entidad y sexo. 2015 excluido por cobertura incompleta."
"POP-FEMALE","Poblacion de mujeres","persons","02","Baja California","female","1995","1047549","official","INEGI Banco de Indicadores API v2.0","https://www.inegi.org.mx/app/api/indicadores/desarrolladores/jsonxml","2026-08-02","Consulta API validada; periodo censal comparable por entidad y sexo. 2015 excluido por cobertura incompleta."
"POP-MALE","Poblacion de hombres","persons","02","Baja California","male","1995","1064591","official","INEGI Banco de Indicadores API v2.0","https://www.inegi.org.mx/app/api/indicadores/desarrolladores/jsonxml","2026-08-02","Consulta API validada; periodo censal comparable por entidad y sexo. 2015 excluido por cobertura incompleta."
"POP-TOTAL","Poblacion total","persons","02","Baja California","total","1995","2112140","official","INEGI Banco de Indicadores API v2.0","https://www.inegi.org.mx/app/api/indicadores/desarrolladores/jsonxml","2026-08-02","Consulta API validada; periodo censal comparable por entidad y sexo. 2015 excluido por cobertura incompleta."
"POP-FEMALE","Poblacion de mujeres","persons","02","Baja California","female","2000","1234786","official","INEGI Banco de Indicadores API v2.0","https://www.inegi.org.mx/app/api/indicadores/desarrolladores/jsonxml","2026-08-02","Consulta API validada; periodo censal comparable por entidad y sexo. 2015 excluido por cobertura incompleta."
"POP-MALE","Poblacion de hombres","persons","02","Baja California","male","2000","1252581","official","INEGI Banco de Indicadores API v2.0","https://www.inegi.org.mx/app/api/indicadores/desarrolladores/jsonxml","2026-08-02","Consulta API validada; periodo censal comparable por entidad y sexo. 2015 excluido por cobertura incompleta."
"POP-TOTAL","Poblacion total","persons","02","Baja California","total","2000","2487367","official","INEGI Banco de Indicadores API v2.0","https://www.inegi.org.mx/app/api/indicadores/desarrolladores/jsonxml","2026-08-02","Consulta API validada; periodo censal comparable por entidad y sexo. 2015 excluido por cobertura incompleta."
"POP-FEMALE","Poblacion de mujeres","persons","02","Baja California","female","2005","1412680","official","INEGI Banco de Indicadores API v2.0","https://www.inegi.org.mx/app/api/indicadores/desarrolladores/jsonxml","2026-08-02","Consulta API validada; periodo censal comparable por entidad y sexo. 2015 excluido por cobertura incompleta."
"POP-MALE","Poblacion de hombres","persons","02","Baja California","male","2005","1431789","official","INEGI Banco de Indicadores API v2.0","https://www.inegi.org.mx/app/api/indicadores/desarrolladores/jsonxml","2026-08-02","Consulta API validada; periodo censal comparable por entidad y sexo. 2015 excluido por cobertura incompleta."
"POP-TOTAL","Poblacion total","persons","02","Baja California","total","2005","2844469","official","INEGI Banco de Indicadores API v2.0","https://www.inegi.org.mx/app/api/indicadores/desarrolladores/jsonxml","2026-08-02","Consulta API validada; periodo censal comparable por entidad y sexo. 2015 excluido por cobertura incompleta."
"POP-FEMALE","Poblacion de mujeres","persons","02","Baja California","female","2010","1563460","official","INEGI Banco de Indicadores API v2.0","https://www.inegi.org.mx/app/api/indicadores/desarrolladores/jsonxml","2026-08-02","Consulta API validada; periodo censal comparable por entidad y sexo. 2015 excluido por cobertura incompleta."
"POP-MALE","Poblacion de hombres","persons","02","Baja California","male","2010","1591610","official","INEGI Banco de Indicadores API v2.0","https://www.inegi.org.mx/app/api/indicadores/desarrolladores/jsonxml","2026-08-02","Consulta API validada; periodo censal comparable por entidad y sexo. 2015 excluido por cobertura incompleta."
"POP-TOTAL","Poblacion total","persons","02","Baja California","total","2010","3155070","official","INEGI Banco de Indicadores API v2.0","https://www.inegi.org.mx/app/api/indicadores/desarrolladores/jsonxml","2026-08-02","Consulta API validada; periodo censal comparable por entidad y sexo. 2015 excluido por cobertura incompleta."
"POP-FEMALE","Poblacion de mujeres","persons","02","Baja California","female","2020","1868431","official","INEGI Banco de Indicadores API v2.0","https://www.inegi.org.mx/app/api/indicadores/desarrolladores/jsonxml","2026-08-02","Consulta API validada; periodo censal comparable por entidad y sexo. 2015 excluido por cobertura incompleta."
"POP-MALE","Poblacion de hombres","persons","02","Baja California","male","2020","1900589","official","INEGI Banco de Indicadores API v2.0","https://www.inegi.org.mx/app/api/indicadores/desarrolladores/jsonxml","2026-08-02","Consulta API validada; periodo censal comparable por entidad y sexo. 2015 excluido por cobertura incompleta."
"POP-TOTAL","Poblacion total","persons","02","Baja California","total","2020","3769020","official","INEGI Banco de Indicadores API v2.0","https://www.inegi.org.mx/app/api/indicadores/desarrolladores/jsonxml","2026-08-02","Consulta API validada; periodo censal comparable por entidad y sexo. 2015 excluido por cobertura incompleta."
"POP-FEMALE","Poblacion de mujeres","persons","03","Baja California Sur","female","1995","184481","official","INEGI Banco de Indicadores API v2.0","https://www.inegi.org.mx/app/api/indicadores/desarrolladores/jsonxml","2026-08-02","Consulta API validada; periodo censal comparable por entidad y sexo. 2015 excluido por cobertura incompleta."
"POP-MALE","Poblacion de hombres","persons","03","Baja California Sur","male","1995","191013","official","INEGI Banco de Indicadores API v2.0","https://www.inegi.org.mx/app/api/indicadores/desarrolladores/jsonxml","2026-08-02","Consulta API validada; periodo censal comparable por entidad y sexo. 2015 excluido por cobertura incompleta."
"POP-TOTAL","Poblacion total","persons","03","Baja California Sur","total","1995","375494","official","INEGI Banco de Indicadores API v2.0","https://www.inegi.org.mx/app/api/indicadores/desarrolladores/jsonxml","2026-08-02","Consulta API validada; periodo censal comparable por entidad y sexo. 2015 excluido por cobertura incompleta."
"POP-FEMALE","Poblacion de mujeres","persons","03","Baja California Sur","female","2000","207791","official","INEGI Banco de Indicadores API v2.0","https://www.inegi.org.mx/app/api/indicadores/desarrolladores/jsonxml","2026-08-02","Consulta API validada; periodo censal comparable por entidad y sexo. 2015 excluido por cobertura incompleta."
"POP-MALE","Poblacion de hombres","persons","03","Baja California Sur","male","2000","216250","official","INEGI Banco de Indicadores API v2.0","https://www.inegi.org.mx/app/api/indicadores/desarrolladores/jsonxml","2026-08-02","Consulta API validada; periodo censal comparable por entidad y sexo. 2015 excluido por cobertura incompleta."
"POP-TOTAL","Poblacion total","persons","03","Baja California Sur","total","2000","424041","official","INEGI Banco de Indicadores API v2.0","https://www.inegi.org.mx/app/api/indicadores/desarrolladores/jsonxml","2026-08-02","Consulta API validada; periodo censal comparable por entidad y sexo. 2015 excluido por cobertura incompleta."
"POP-FEMALE","Poblacion de mujeres","persons","03","Baja California Sur","female","2005","250882","official","INEGI Banco de Indicadores API v2.0","https://www.inegi.org.mx/app/api/indicadores/desarrolladores/jsonxml","2026-08-02","Consulta API validada; periodo censal comparable por entidad y sexo. 2015 excluido por cobertura incompleta."
"POP-MALE","Poblacion de hombres","persons","03","Baja California Sur","male","2005","261288","official","INEGI Banco de Indicadores API v2.0","https://www.inegi.org.mx/app/api/indicadores/desarrolladores/jsonxml","2026-08-02","Consulta API validada; periodo censal comparable por entidad y sexo. 2015 excluido por cobertura incompleta."
"POP-TOTAL","Poblacion total","persons","03","Baja California Sur","total","2005","512170","official","INEGI Banco de Indicadores API v2.0","https://www.inegi.org.mx/app/api/indicadores/desarrolladores/jsonxml","2026-08-02","Consulta API validada; periodo censal comparable por entidad y sexo. 2015 excluido por cobertura incompleta."
"POP-FEMALE","Poblacion de mujeres","persons","03","Baja California Sur","female","2010","311593","official","INEGI Banco de Indicadores API v2.0","https://www.inegi.org.mx/app/api/indicadores/desarrolladores/jsonxml","2026-08-02","Consulta API validada; periodo censal comparable por entidad y sexo. 2015 excluido por cobertura incompleta."
"POP-MALE","Poblacion de hombres","persons","03","Baja California Sur","male","2010","325433","official","INEGI Banco de Indicadores API v2.0","https://www.inegi.org.mx/app/api/indicadores/desarrolladores/jsonxml","2026-08-02","Consulta API validada; periodo censal comparable por entidad y sexo. 2015 excluido por cobertura incompleta."
"POP-TOTAL","Poblacion total","persons","03","Baja California Sur","total","2010","637026","official","INEGI Banco de Indicadores API v2.0","https://www.inegi.org.mx/app/api/indicadores/desarrolladores/jsonxml","2026-08-02","Consulta API validada; periodo censal comparable por entidad y sexo. 2015 excluido por cobertura incompleta."
"POP-FEMALE","Poblacion de mujeres","persons","03","Baja California Sur","female","2020","392568","official","INEGI Banco de Indicadores API v2.0","https://www.inegi.org.mx/app/api/indicadores/desarrolladores/jsonxml","2026-08-02","Consulta API validada; periodo censal comparable por entidad y sexo. 2015 excluido por cobertura incompleta."
"POP-MALE","Poblacion de hombres","persons","03","Baja California Sur","male","2020","405879","official","INEGI Banco de Indicadores API v2.0","https://www.inegi.org.mx/app/api/indicadores/desarrolladores/jsonxml","2026-08-02","Consulta API validada; periodo censal comparable por entidad y sexo. 2015 excluido por cobertura incompleta."
"POP-TOTAL","Poblacion total","persons","03","Baja California Sur","total","2020","798447","official","INEGI Banco de Indicadores API v2.0","https://www.inegi.org.mx/app/api/indicadores/desarrolladores/jsonxml","2026-08-02","Consulta API validada; periodo censal comparable por entidad y sexo. 2015 excluido por cobertura incompleta."
"POP-FEMALE","Poblacion de mujeres","persons","04","Campeche","female","1995","319525","official","INEGI Banco de Indicadores API v2.0","https://www.inegi.org.mx/app/api/indicadores/desarrolladores/jsonxml","2026-08-02","Consulta API validada; periodo censal comparable por entidad y sexo. 2015 excluido por cobertura incompleta."
"POP-MALE","Poblacion de hombres","persons","04","Campeche","male","1995","322991","official","INEGI Banco de Indicadores API v2.0","https://www.inegi.org.mx/app/api/indicadores/desarrolladores/jsonxml","2026-08-02","Consulta API validada; periodo censal comparable por entidad y sexo. 2015 excluido por cobertura incompleta."
"POP-TOTAL","Poblacion total","persons","04","Campeche","total","1995","642516","official","INEGI Banco de Indicadores API v2.0","https://www.inegi.org.mx/app/api/indicadores/desarrolladores/jsonxml","2026-08-02","Consulta API validada; periodo censal comparable por entidad y sexo. 2015 excluido por cobertura incompleta."
"POP-FEMALE","Poblacion de mujeres","persons","04","Campeche","female","2000","346355","official","INEGI Banco de Indicadores API v2.0","https://www.inegi.org.mx/app/api/indicadores/desarrolladores/jsonxml","2026-08-02","Consulta API validada; periodo censal comparable por entidad y sexo. 2015 excluido por cobertura incompleta."
"POP-MALE","Poblacion de hombres","persons","04","Campeche","male","2000","344334","official","INEGI Banco de Indicadores API v2.0","https://www.inegi.org.mx/app/api/indicadores/desarrolladores/jsonxml","2026-08-02","Consulta API validada; periodo censal comparable por entidad y sexo. 2015 excluido por cobertura incompleta."
"POP-TOTAL","Poblacion total","persons","04","Campeche","total","2000","690689","official","INEGI Banco de Indicadores API v2.0","https://www.inegi.org.mx/app/api/indicadores/desarrolladores/jsonxml","2026-08-02","Consulta API validada; periodo censal comparable por entidad y sexo. 2015 excluido por cobertura incompleta."
"POP-FEMALE","Poblacion de mujeres","persons","04","Campeche","female","2005","381273","official","INEGI Banco de Indicadores API v2.0","https://www.inegi.org.mx/app/api/indicadores/desarrolladores/jsonxml","2026-08-02","Consulta API validada; periodo censal comparable por entidad y sexo. 2015 excluido por cobertura incompleta."
"POP-MALE","Poblacion de hombres","persons","04","Campeche","male","2005","373457","official","INEGI Banco de Indicadores API v2.0","https://www.inegi.org.mx/app/api/indicadores/desarrolladores/jsonxml","2026-08-02","Consulta API validada; periodo censal comparable por entidad y sexo. 2015 excluido por cobertura incompleta."
"POP-TOTAL","Poblacion total","persons","04","Campeche","total","2005","754730","official","INEGI Banco de Indicadores API v2.0","https://www.inegi.org.mx/app/api/indicadores/desarrolladores/jsonxml","2026-08-02","Consulta API validada; periodo censal comparable por entidad y sexo. 2015 excluido por cobertura incompleta."
"POP-FEMALE","Poblacion de mujeres","persons","04","Campeche","female","2010","414720","official","INEGI Banco de Indicadores API v2.0","https://www.inegi.org.mx/app/api/indicadores/desarrolladores/jsonxml","2026-08-02","Consulta API validada; periodo censal comparable por entidad y sexo. 2015 excluido por cobertura incompleta."
"POP-MALE","Poblacion de hombres","persons","04","Campeche","male","2010","407721","official","INEGI Banco de Indicadores API v2.0","https://www.inegi.org.mx/app/api/indicadores/desarrolladores/jsonxml","2026-08-02","Consulta API validada; periodo censal comparable por entidad y sexo. 2015 excluido por cobertura incompleta."
"POP-TOTAL","Poblacion total","persons","04","Campeche","total","2010","822441","official","INEGI Banco de Indicadores API v2.0","https://www.inegi.org.mx/app/api/indicadores/desarrolladores/jsonxml","2026-08-02","Consulta API validada; periodo censal comparable por entidad y sexo. 2015 excluido por cobertura incompleta."
"POP-FEMALE","Poblacion de mujeres","persons","04","Campeche","female","2020","471424","official","INEGI Banco de Indicadores API v2.0","https://www.inegi.org.mx/app/api/indicadores/desarrolladores/jsonxml","2026-08-02","Consulta API validada; periodo censal comparable por entidad y sexo. 2015 excluido por cobertura incompleta."
"POP-MALE","Poblacion de hombres","persons","04","Campeche","male","2020","456939","official","INEGI Banco de Indicadores API v2.0","https://www.inegi.org.mx/app/api/indicadores/desarrolladores/jsonxml","2026-08-02","Consulta API validada; periodo censal comparable por entidad y sexo. 2015 excluido por cobertura incompleta."
"POP-TOTAL","Poblacion total","persons","04","Campeche","total","2020","928363","official","INEGI Banco de Indicadores API v2.0","https://www.inegi.org.mx/app/api/indicadores/desarrolladores/jsonxml","2026-08-02","Consulta API validada; periodo censal comparable por entidad y sexo. 2015 excluido por cobertura incompleta."
"POP-FEMALE","Poblacion de mujeres","persons","05","Coahuila de Zaragoza","female","1995","1093181","official","INEGI Banco de Indicadores API v2.0","https://www.inegi.org.mx/app/api/indicadores/desarrolladores/jsonxml","2026-08-02","Consulta API validada; periodo censal comparable por entidad y sexo. 2015 excluido por cobertura incompleta."
"POP-MALE","Poblacion de hombres","persons","05","Coahuila de Zaragoza","male","1995","1080594","official","INEGI Banco de Indicadores API v2.0","https://www.inegi.org.mx/app/api/indicadores/desarrolladores/jsonxml","2026-08-02","Consulta API validada; periodo censal comparable por entidad y sexo. 2015 excluido por cobertura incompleta."
"POP-TOTAL","Poblacion total","persons","05","Coahuila de Zaragoza","total","1995","2173775","official","INEGI Banco de Indicadores API v2.0","https://www.inegi.org.mx/app/api/indicadores/desarrolladores/jsonxml","2026-08-02","Consulta API validada; periodo censal comparable por entidad y sexo. 2015 excluido por cobertura incompleta."
"POP-FEMALE","Poblacion de mujeres","persons","05","Coahuila de Zaragoza","female","2000","1157875","official","INEGI Banco de Indicadores API v2.0","https://www.inegi.org.mx/app/api/indicadores/desarrolladores/jsonxml","2026-08-02","Consulta API validada; periodo censal comparable por entidad y sexo. 2015 excluido por cobertura incompleta."
"POP-MALE","Poblacion de hombres","persons","05","Coahuila de Zaragoza","male","2000","1140195","official","INEGI Banco de Indicadores API v2.0","https://www.inegi.org.mx/app/api/indicadores/desarrolladores/jsonxml","2026-08-02","Consulta API validada; periodo censal comparable por entidad y sexo. 2015 excluido por cobertura incompleta."
"POP-TOTAL","Poblacion total","persons","05","Coahuila de Zaragoza","total","2000","2298070","official","INEGI Banco de Indicadores API v2.0","https://www.inegi.org.mx/app/api/indicadores/desarrolladores/jsonxml","2026-08-02","Consulta API validada; periodo censal comparable por entidad y sexo. 2015 excluido por cobertura incompleta."
"POP-FEMALE","Poblacion de mujeres","persons","05","Coahuila de Zaragoza","female","2005","1258320","official","INEGI Banco de Indicadores API v2.0","https://www.inegi.org.mx/app/api/indicadores/desarrolladores/jsonxml","2026-08-02","Consulta API validada; periodo censal comparable por entidad y sexo. 2015 excluido por cobertura incompleta."
"POP-MALE","Poblacion de hombres","persons","05","Coahuila de Zaragoza","male","2005","1236880","official","INEGI Banco de Indicadores API v2.0","https://www.inegi.org.mx/app/api/indicadores/desarrolladores/jsonxml","2026-08-02","Consulta API validada; periodo censal comparable por entidad y sexo. 2015 excluido por cobertura incompleta."
"POP-TOTAL","Poblacion total","persons","05","Coahuila de Zaragoza","total","2005","2495200","official","INEGI Banco de Indicadores API v2.0","https://www.inegi.org.mx/app/api/indicadores/desarrolladores/jsonxml","2026-08-02","Consulta API validada; periodo censal comparable por entidad y sexo. 2015 excluido por cobertura incompleta."
"POP-FEMALE","Poblacion de mujeres","persons","05","Coahuila de Zaragoza","female","2010","1384194","official","INEGI Banco de Indicadores API v2.0","https://www.inegi.org.mx/app/api/indicadores/desarrolladores/jsonxml","2026-08-02","Consulta API validada; periodo censal comparable por entidad y sexo. 2015 excluido por cobertura incompleta."
"POP-MALE","Poblacion de hombres","persons","05","Coahuila de Zaragoza","male","2010","1364197","official","INEGI Banco de Indicadores API v2.0","https://www.inegi.org.mx/app/api/indicadores/desarrolladores/jsonxml","2026-08-02","Consulta API validada; periodo censal comparable por entidad y sexo. 2015 excluido por cobertura incompleta."
"POP-TOTAL","Poblacion total","persons","05","Coahuila de Zaragoza","total","2010","2748391","official","INEGI Banco de Indicadores API v2.0","https://www.inegi.org.mx/app/api/indicadores/desarrolladores/jsonxml","2026-08-02","Consulta API validada; periodo censal comparable por entidad y sexo. 2015 excluido por cobertura incompleta."
"POP-FEMALE","Poblacion de mujeres","persons","05","Coahuila de Zaragoza","female","2020","1583102","official","INEGI Banco de Indicadores API v2.0","https://www.inegi.org.mx/app/api/indicadores/desarrolladores/jsonxml","2026-08-02","Consulta API validada; periodo censal comparable por entidad y sexo. 2015 excluido por cobertura incompleta."
"POP-MALE","Poblacion de hombres","persons","05","Coahuila de Zaragoza","male","2020","1563669","official","INEGI Banco de Indicadores API v2.0","https://www.inegi.org.mx/app/api/indicadores/desarrolladores/jsonxml","2026-08-02","Consulta API validada; periodo censal comparable por entidad y sexo. 2015 excluido por cobertura incompleta."
"POP-TOTAL","Poblacion total","persons","05","Coahuila de Zaragoza","total","2020","3146771","official","INEGI Banco de Indicadores API v2.0","https://www.inegi.org.mx/app/api/indicadores/desarrolladores/jsonxml","2026-08-02","Consulta API validada; periodo censal comparable por entidad y sexo. 2015 excluido por cobertura incompleta."
"POP-FEMALE","Poblacion de mujeres","persons","06","Colima","female","1995","245241","official","INEGI Banco de Indicadores API v2.0","https://www.inegi.org.mx/app/api/indicadores/desarrolladores/jsonxml","2026-08-02","Consulta API validada; periodo censal comparable por entidad y sexo. 2015 excluido por cobertura incompleta."
"POP-MALE","Poblacion de hombres","persons","06","Colima","male","1995","242787","official","INEGI Banco de Indicadores API v2.0","https://www.inegi.org.mx/app/api/indicadores/desarrolladores/jsonxml","2026-08-02","Consulta API validada; periodo censal comparable por entidad y sexo. 2015 excluido por cobertura incompleta."
"POP-TOTAL","Poblacion total","persons","06","Colima","total","1995","488028","official","INEGI Banco de Indicadores API v2.0","https://www.inegi.org.mx/app/api/indicadores/desarrolladores/jsonxml","2026-08-02","Consulta API validada; periodo censal comparable por entidad y sexo. 2015 excluido por cobertura incompleta."
"POP-FEMALE","Poblacion de mujeres","persons","06","Colima","female","2000","274435","official","INEGI Banco de Indicadores API v2.0","https://www.inegi.org.mx/app/api/indicadores/desarrolladores/jsonxml","2026-08-02","Consulta API validada; periodo censal comparable por entidad y sexo. 2015 excluido por cobertura incompleta."
"POP-MALE","Poblacion de hombres","persons","06","Colima","male","2000","268192","official","INEGI Banco de Indicadores API v2.0","https://www.inegi.org.mx/app/api/indicadores/desarrolladores/jsonxml","2026-08-02","Consulta API validada; periodo censal comparable por entidad y sexo. 2015 excluido por cobertura incompleta."
"POP-TOTAL","Poblacion total","persons","06","Colima","total","2000","542627","official","INEGI Banco de Indicadores API v2.0","https://www.inegi.org.mx/app/api/indicadores/desarrolladores/jsonxml","2026-08-02","Consulta API validada; periodo censal comparable por entidad y sexo. 2015 excluido por cobertura incompleta."
"POP-FEMALE","Poblacion de mujeres","persons","06","Colima","female","2005","287991","official","INEGI Banco de Indicadores API v2.0","https://www.inegi.org.mx/app/api/indicadores/desarrolladores/jsonxml","2026-08-02","Consulta API validada; periodo censal comparable por entidad y sexo. 2015 excluido por cobertura incompleta."
"POP-MALE","Poblacion de hombres","persons","06","Colima","male","2005","280005","official","INEGI Banco de Indicadores API v2.0","https://www.inegi.org.mx/app/api/indicadores/desarrolladores/jsonxml","2026-08-02","Consulta API validada; periodo censal comparable por entidad y sexo. 2015 excluido por cobertura incompleta."
"POP-TOTAL","Poblacion total","persons","06","Colima","total","2005","567996","official","INEGI Banco de Indicadores API v2.0","https://www.inegi.org.mx/app/api/indicadores/desarrolladores/jsonxml","2026-08-02","Consulta API validada; periodo censal comparable por entidad y sexo. 2015 excluido por cobertura incompleta."
"POP-FEMALE","Poblacion de mujeres","persons","06","Colima","female","2010","327765","official","INEGI Banco de Indicadores API v2.0","https://www.inegi.org.mx/app/api/indicadores/desarrolladores/jsonxml","2026-08-02","Consulta API validada; periodo censal comparable por entidad y sexo. 2015 excluido por cobertura incompleta."
"POP-MALE","Poblacion de hombres","persons","06","Colima","male","2010","322790","official","INEGI Banco de Indicadores API v2.0","https://www.inegi.org.mx/app/api/indicadores/desarrolladores/jsonxml","2026-08-02","Consulta API validada; periodo censal comparable por entidad y sexo. 2015 excluido por cobertura incompleta."
"POP-TOTAL","Poblacion total","persons","06","Colima","total","2010","650555","official","INEGI Banco de Indicadores API v2.0","https://www.inegi.org.mx/app/api/indicadores/desarrolladores/jsonxml","2026-08-02","Consulta API validada; periodo censal comparable por entidad y sexo. 2015 excluido por cobertura incompleta."
"POP-FEMALE","Poblacion de mujeres","persons","06","Colima","female","2020","370769","official","INEGI Banco de Indicadores API v2.0","https://www.inegi.org.mx/app/api/indicadores/desarrolladores/jsonxml","2026-08-02","Consulta API validada; periodo censal comparable por entidad y sexo. 2015 excluido por cobertura incompleta."
"POP-MALE","Poblacion de hombres","persons","06","Colima","male","2020","360622","official","INEGI Banco de Indicadores API v2.0","https://www.inegi.org.mx/app/api/indicadores/desarrolladores/jsonxml","2026-08-02","Consulta API validada; periodo censal comparable por entidad y sexo. 2015 excluido por cobertura incompleta."
"POP-TOTAL","Poblacion total","persons","06","Colima","total","2020","731391","official","INEGI Banco de Indicadores API v2.0","https://www.inegi.org.mx/app/api/indicadores/desarrolladores/jsonxml","2026-08-02","Consulta API validada; periodo censal comparable por entidad y sexo. 2015 excluido por cobertura incompleta."
"POP-FEMALE","Poblacion de mujeres","persons","07","Chiapas","female","1995","1794206","official","INEGI Banco de Indicadores API v2.0","https://www.inegi.org.mx/app/api/indicadores/desarrolladores/jsonxml","2026-08-02","Consulta API validada; periodo censal comparable por entidad y sexo. 2015 excluido por cobertura incompleta."
"POP-MALE","Poblacion de hombres","persons","07","Chiapas","male","1995","1790580","official","INEGI Banco de Indicadores API v2.0","https://www.inegi.org.mx/app/api/indicadores/desarrolladores/jsonxml","2026-08-02","Consulta API validada; periodo censal comparable por entidad y sexo. 2015 excluido por cobertura incompleta."
"POP-TOTAL","Poblacion total","persons","07","Chiapas","total","1995","3584786","official","INEGI Banco de Indicadores API v2.0","https://www.inegi.org.mx/app/api/indicadores/desarrolladores/jsonxml","2026-08-02","Consulta API validada; periodo censal comparable por entidad y sexo. 2015 excluido por cobertura incompleta."
"POP-FEMALE","Poblacion de mujeres","persons","07","Chiapas","female","2000","1979012","official","INEGI Banco de Indicadores API v2.0","https://www.inegi.org.mx/app/api/indicadores/desarrolladores/jsonxml","2026-08-02","Consulta API validada; periodo censal comparable por entidad y sexo. 2015 excluido por cobertura incompleta."
"POP-MALE","Poblacion de hombres","persons","07","Chiapas","male","2000","1941880","official","INEGI Banco de Indicadores API v2.0","https://www.inegi.org.mx/app/api/indicadores/desarrolladores/jsonxml","2026-08-02","Consulta API validada; periodo censal comparable por entidad y sexo. 2015 excluido por cobertura incompleta."
"POP-TOTAL","Poblacion total","persons","07","Chiapas","total","2000","3920892","official","INEGI Banco de Indicadores API v2.0","https://www.inegi.org.mx/app/api/indicadores/desarrolladores/jsonxml","2026-08-02","Consulta API validada; periodo censal comparable por entidad y sexo. 2015 excluido por cobertura incompleta."
"POP-FEMALE","Poblacion de mujeres","persons","07","Chiapas","female","2005","2184629","official","INEGI Banco de Indicadores API v2.0","https://www.inegi.org.mx/app/api/indicadores/desarrolladores/jsonxml","2026-08-02","Consulta API validada; periodo censal comparable por entidad y sexo. 2015 excluido por cobertura incompleta."
"POP-MALE","Poblacion de hombres","persons","07","Chiapas","male","2005","2108830","official","INEGI Banco de Indicadores API v2.0","https://www.inegi.org.mx/app/api/indicadores/desarrolladores/jsonxml","2026-08-02","Consulta API validada; periodo censal comparable por entidad y sexo. 2015 excluido por cobertura incompleta."
"POP-TOTAL","Poblacion total","persons","07","Chiapas","total","2005","4293459","official","INEGI Banco de Indicadores API v2.0","https://www.inegi.org.mx/app/api/indicadores/desarrolladores/jsonxml","2026-08-02","Consulta API validada; periodo censal comparable por entidad y sexo. 2015 excluido por cobertura incompleta."
"POP-FEMALE","Poblacion de mujeres","persons","07","Chiapas","female","2010","2443773","official","INEGI Banco de Indicadores API v2.0","https://www.inegi.org.mx/app/api/indicadores/desarrolladores/jsonxml","2026-08-02","Consulta API validada; periodo censal comparable por entidad y sexo. 2015 excluido por cobertura incompleta."
"POP-MALE","Poblacion de hombres","persons","07","Chiapas","male","2010","2352807","official","INEGI Banco de Indicadores API v2.0","https://www.inegi.org.mx/app/api/indicadores/desarrolladores/jsonxml","2026-08-02","Consulta API validada; periodo censal comparable por entidad y sexo. 2015 excluido por cobertura incompleta."
"POP-TOTAL","Poblacion total","persons","07","Chiapas","total","2010","4796580","official","INEGI Banco de Indicadores API v2.0","https://www.inegi.org.mx/app/api/indicadores/desarrolladores/jsonxml","2026-08-02","Consulta API validada; periodo censal comparable por entidad y sexo. 2015 excluido por cobertura incompleta."
"POP-FEMALE","Poblacion de mujeres","persons","07","Chiapas","female","2020","2837881","official","INEGI Banco de Indicadores API v2.0","https://www.inegi.org.mx/app/api/indicadores/desarrolladores/jsonxml","2026-08-02","Consulta API validada; periodo censal comparable por entidad y sexo. 2015 excluido por cobertura incompleta."
"POP-MALE","Poblacion de hombres","persons","07","Chiapas","male","2020","2705947","official","INEGI Banco de Indicadores API v2.0","https://www.inegi.org.mx/app/api/indicadores/desarrolladores/jsonxml","2026-08-02","Consulta API validada; periodo censal comparable por entidad y sexo. 2015 excluido por cobertura incompleta."
"POP-TOTAL","Poblacion total","persons","07","Chiapas","total","2020","5543828","official","INEGI Banco de Indicadores API v2.0","https://www.inegi.org.mx/app/api/indicadores/desarrolladores/jsonxml","2026-08-02","Consulta API validada; periodo censal comparable por entidad y sexo. 2015 excluido por cobertura incompleta."
"POP-FEMALE","Poblacion de mujeres","persons","08","Chihuahua","female","1995","1401623","official","INEGI Banco de Indicadores API v2.0","https://www.inegi.org.mx/app/api/indicadores/desarrolladores/jsonxml","2026-08-02","Consulta API validada; periodo censal comparable por entidad y sexo. 2015 excluido por cobertura incompleta."
"POP-MALE","Poblacion de hombres","persons","08","Chihuahua","male","1995","1391914","official","INEGI Banco de Indicadores API v2.0","https://www.inegi.org.mx/app/api/indicadores/desarrolladores/jsonxml","2026-08-02","Consulta API validada; periodo censal comparable por entidad y sexo. 2015 excluido por cobertura incompleta."
"POP-TOTAL","Poblacion total","persons","08","Chihuahua","total","1995","2793537","official","INEGI Banco de Indicadores API v2.0","https://www.inegi.org.mx/app/api/indicadores/desarrolladores/jsonxml","2026-08-02","Consulta API validada; periodo censal comparable por entidad y sexo. 2015 excluido por cobertura incompleta."
"POP-FEMALE","Poblacion de mujeres","persons","08","Chihuahua","female","2000","1532935","official","INEGI Banco de Indicadores API v2.0","https://www.inegi.org.mx/app/api/indicadores/desarrolladores/jsonxml","2026-08-02","Consulta API validada; periodo censal comparable por entidad y sexo. 2015 excluido por cobertura incompleta."
"POP-MALE","Poblacion de hombres","persons","08","Chihuahua","male","2000","1519972","official","INEGI Banco de Indicadores API v2.0","https://www.inegi.org.mx/app/api/indicadores/desarrolladores/jsonxml","2026-08-02","Consulta API validada; periodo censal comparable por entidad y sexo. 2015 excluido por cobertura incompleta."
"POP-TOTAL","Poblacion total","persons","08","Chihuahua","total","2000","3052907","official","INEGI Banco de Indicadores API v2.0","https://www.inegi.org.mx/app/api/indicadores/desarrolladores/jsonxml","2026-08-02","Consulta API validada; periodo censal comparable por entidad y sexo. 2015 excluido por cobertura incompleta."
"POP-FEMALE","Poblacion de mujeres","persons","08","Chihuahua","female","2005","1631169","official","INEGI Banco de Indicadores API v2.0","https://www.inegi.org.mx/app/api/indicadores/desarrolladores/jsonxml","2026-08-02","Consulta API validada; periodo censal comparable por entidad y sexo. 2015 excluido por cobertura incompleta."
"POP-MALE","Poblacion de hombres","persons","08","Chihuahua","male","2005","1610275","official","INEGI Banco de Indicadores API v2.0","https://www.inegi.org.mx/app/api/indicadores/desarrolladores/jsonxml","2026-08-02","Consulta API validada; periodo censal comparable por entidad y sexo. 2015 excluido por cobertura incompleta."
"POP-TOTAL","Poblacion total","persons","08","Chihuahua","total","2005","3241444","official","INEGI Banco de Indicadores API v2.0","https://www.inegi.org.mx/app/api/indicadores/desarrolladores/jsonxml","2026-08-02","Consulta API validada; periodo censal comparable por entidad y sexo. 2015 excluido por cobertura incompleta."
"POP-FEMALE","Poblacion de mujeres","persons","08","Chihuahua","female","2010","1713920","official","INEGI Banco de Indicadores API v2.0","https://www.inegi.org.mx/app/api/indicadores/desarrolladores/jsonxml","2026-08-02","Consulta API validada; periodo censal comparable por entidad y sexo. 2015 excluido por cobertura incompleta."
"POP-MALE","Poblacion de hombres","persons","08","Chihuahua","male","2010","1692545","official","INEGI Banco de Indicadores API v2.0","https://www.inegi.org.mx/app/api/indicadores/desarrolladores/jsonxml","2026-08-02","Consulta API validada; periodo censal comparable por entidad y sexo. 2015 excluido por cobertura incompleta."
"POP-TOTAL","Poblacion total","persons","08","Chihuahua","total","2010","3406465","official","INEGI Banco de Indicadores API v2.0","https://www.inegi.org.mx/app/api/indicadores/desarrolladores/jsonxml","2026-08-02","Consulta API validada; periodo censal comparable por entidad y sexo. 2015 excluido por cobertura incompleta."
"POP-FEMALE","Poblacion de mujeres","persons","08","Chihuahua","female","2020","1888047","official","INEGI Banco de Indicadores API v2.0","https://www.inegi.org.mx/app/api/indicadores/desarrolladores/jsonxml","2026-08-02","Consulta API validada; periodo censal comparable por entidad y sexo. 2015 excluido por cobertura incompleta."
"POP-MALE","Poblacion de hombres","persons","08","Chihuahua","male","2020","1853822","official","INEGI Banco de Indicadores API v2.0","https://www.inegi.org.mx/app/api/indicadores/desarrolladores/jsonxml","2026-08-02","Consulta API validada; periodo censal comparable por entidad y sexo. 2015 excluido por cobertura incompleta."
"POP-TOTAL","Poblacion total","persons","08","Chihuahua","total","2020","3741869","official","INEGI Banco de Indicadores API v2.0","https://www.inegi.org.mx/app/api/indicadores/desarrolladores/jsonxml","2026-08-02","Consulta API validada; periodo censal comparable por entidad y sexo. 2015 excluido por cobertura incompleta."
"POP-FEMALE","Poblacion de mujeres","persons","09","Ciudad de México","female","1995","4413105","official","INEGI Banco de Indicadores API v2.0","https://www.inegi.org.mx/app/api/indicadores/desarrolladores/jsonxml","2026-08-02","Consulta API validada; periodo censal comparable por entidad y sexo. 2015 excluido por cobertura incompleta."
"POP-MALE","Poblacion de hombres","persons","09","Ciudad de México","male","1995","4075902","official","INEGI Banco de Indicadores API v2.0","https://www.inegi.org.mx/app/api/indicadores/desarrolladores/jsonxml","2026-08-02","Consulta API validada; periodo censal comparable por entidad y sexo. 2015 excluido por cobertura incompleta."
"POP-TOTAL","Poblacion total","persons","09","Ciudad de México","total","1995","8489007","official","INEGI Banco de Indicadores API v2.0","https://www.inegi.org.mx/app/api/indicadores/desarrolladores/jsonxml","2026-08-02","Consulta API validada; periodo censal comparable por entidad y sexo. 2015 excluido por cobertura incompleta."
"POP-FEMALE","Poblacion de mujeres","persons","09","Ciudad de México","female","2000","4494754","official","INEGI Banco de Indicadores API v2.0","https://www.inegi.org.mx/app/api/indicadores/desarrolladores/jsonxml","2026-08-02","Consulta API validada; periodo censal comparable por entidad y sexo. 2015 excluido por cobertura incompleta."
"POP-MALE","Poblacion de hombres","persons","09","Ciudad de México","male","2000","4110485","official","INEGI Banco de Indicadores API v2.0","https://www.inegi.org.mx/app/api/indicadores/desarrolladores/jsonxml","2026-08-02","Consulta API validada; periodo censal comparable por entidad y sexo. 2015 excluido por cobertura incompleta."
"POP-TOTAL","Poblacion total","persons","09","Ciudad de México","total","2000","8605239","official","INEGI Banco de Indicadores API v2.0","https://www.inegi.org.mx/app/api/indicadores/desarrolladores/jsonxml","2026-08-02","Consulta API validada; periodo censal comparable por entidad y sexo. 2015 excluido por cobertura incompleta."
"POP-FEMALE","Poblacion de mujeres","persons","09","Ciudad de México","female","2005","4549233","official","INEGI Banco de Indicadores API v2.0","https://www.inegi.org.mx/app/api/indicadores/desarrolladores/jsonxml","2026-08-02","Consulta API validada; periodo censal comparable por entidad y sexo. 2015 excluido por cobertura incompleta."
"POP-MALE","Poblacion de hombres","persons","09","Ciudad de México","male","2005","4171683","official","INEGI Banco de Indicadores API v2.0","https://www.inegi.org.mx/app/api/indicadores/desarrolladores/jsonxml","2026-08-02","Consulta API validada; periodo censal comparable por entidad y sexo. 2015 excluido por cobertura incompleta."
"POP-TOTAL","Poblacion total","persons","09","Ciudad de México","total","2005","8720916","official","INEGI Banco de Indicadores API v2.0","https://www.inegi.org.mx/app/api/indicadores/desarrolladores/jsonxml","2026-08-02","Consulta API validada; periodo censal comparable por entidad y sexo. 2015 excluido por cobertura incompleta."
"POP-FEMALE","Poblacion de mujeres","persons","09","Ciudad de México","female","2010","4617297","official","INEGI Banco de Indicadores API v2.0","https://www.inegi.org.mx/app/api/indicadores/desarrolladores/jsonxml","2026-08-02","Consulta API validada; periodo censal comparable por entidad y sexo. 2015 excluido por cobertura incompleta."
"POP-MALE","Poblacion de hombres","persons","09","Ciudad de México","male","2010","4233783","official","INEGI Banco de Indicadores API v2.0","https://www.inegi.org.mx/app/api/indicadores/desarrolladores/jsonxml","2026-08-02","Consulta API validada; periodo censal comparable por entidad y sexo. 2015 excluido por cobertura incompleta."
"POP-TOTAL","Poblacion total","persons","09","Ciudad de México","total","2010","8851080","official","INEGI Banco de Indicadores API v2.0","https://www.inegi.org.mx/app/api/indicadores/desarrolladores/jsonxml","2026-08-02","Consulta API validada; periodo censal comparable por entidad y sexo. 2015 excluido por cobertura incompleta."
"POP-FEMALE","Poblacion de mujeres","persons","09","Ciudad de México","female","2020","4805017","official","INEGI Banco de Indicadores API v2.0","https://www.inegi.org.mx/app/api/indicadores/desarrolladores/jsonxml","2026-08-02","Consulta API validada; periodo censal comparable por entidad y sexo. 2015 excluido por cobertura incompleta."
"POP-MALE","Poblacion de hombres","persons","09","Ciudad de México","male","2020","4404927","official","INEGI Banco de Indicadores API v2.0","https://www.inegi.org.mx/app/api/indicadores/desarrolladores/jsonxml","2026-08-02","Consulta API validada; periodo censal comparable por entidad y sexo. 2015 excluido por cobertura incompleta."
"POP-TOTAL","Poblacion total","persons","09","Ciudad de México","total","2020","9209944","official","INEGI Banco de Indicadores API v2.0","https://www.inegi.org.mx/app/api/indicadores/desarrolladores/jsonxml","2026-08-02","Consulta API validada; periodo censal comparable por entidad y sexo. 2015 excluido por cobertura incompleta."
"POP-FEMALE","Poblacion de mujeres","persons","10","Durango","female","1995","722480","official","INEGI Banco de Indicadores API v2.0","https://www.inegi.org.mx/app/api/indicadores/desarrolladores/jsonxml","2026-08-02","Consulta API validada; periodo censal comparable por entidad y sexo. 2015 excluido por cobertura incompleta."
"POP-MALE","Poblacion de hombres","persons","10","Durango","male","1995","709268","official","INEGI Banco de Indicadores API v2.0","https://www.inegi.org.mx/app/api/indicadores/desarrolladores/jsonxml","2026-08-02","Consulta API validada; periodo censal comparable por entidad y sexo. 2015 excluido por cobertura incompleta."
"POP-TOTAL","Poblacion total","persons","10","Durango","total","1995","1431748","official","INEGI Banco de Indicadores API v2.0","https://www.inegi.org.mx/app/api/indicadores/desarrolladores/jsonxml","2026-08-02","Consulta API validada; periodo censal comparable por entidad y sexo. 2015 excluido por cobertura incompleta."
"POP-FEMALE","Poblacion de mujeres","persons","10","Durango","female","2000","739140","official","INEGI Banco de Indicadores API v2.0","https://www.inegi.org.mx/app/api/indicadores/desarrolladores/jsonxml","2026-08-02","Consulta API validada; periodo censal comparable por entidad y sexo. 2015 excluido por cobertura incompleta."
"POP-MALE","Poblacion de hombres","persons","10","Durango","male","2000","709521","official","INEGI Banco de Indicadores API v2.0","https://www.inegi.org.mx/app/api/indicadores/desarrolladores/jsonxml","2026-08-02","Consulta API validada; periodo censal comparable por entidad y sexo. 2015 excluido por cobertura incompleta."
"POP-TOTAL","Poblacion total","persons","10","Durango","total","2000","1448661","official","INEGI Banco de Indicadores API v2.0","https://www.inegi.org.mx/app/api/indicadores/desarrolladores/jsonxml","2026-08-02","Consulta API validada; periodo censal comparable por entidad y sexo. 2015 excluido por cobertura incompleta."
"POP-FEMALE","Poblacion de mujeres","persons","10","Durango","female","2005","771022","official","INEGI Banco de Indicadores API v2.0","https://www.inegi.org.mx/app/api/indicadores/desarrolladores/jsonxml","2026-08-02","Consulta API validada; periodo censal comparable por entidad y sexo. 2015 excluido por cobertura incompleta."
"POP-MALE","Poblacion de hombres","persons","10","Durango","male","2005","738095","official","INEGI Banco de Indicadores API v2.0","https://www.inegi.org.mx/app/api/indicadores/desarrolladores/jsonxml","2026-08-02","Consulta API validada; periodo censal comparable por entidad y sexo. 2015 excluido por cobertura incompleta."
"POP-TOTAL","Poblacion total","persons","10","Durango","total","2005","1509117","official","INEGI Banco de Indicadores API v2.0","https://www.inegi.org.mx/app/api/indicadores/desarrolladores/jsonxml","2026-08-02","Consulta API validada; periodo censal comparable por entidad y sexo. 2015 excluido por cobertura incompleta."
"POP-FEMALE","Poblacion de mujeres","persons","10","Durango","female","2010","829044","official","INEGI Banco de Indicadores API v2.0","https://www.inegi.org.mx/app/api/indicadores/desarrolladores/jsonxml","2026-08-02","Consulta API validada; periodo censal comparable por entidad y sexo. 2015 excluido por cobertura incompleta."
"POP-MALE","Poblacion de hombres","persons","10","Durango","male","2010","803890","official","INEGI Banco de Indicadores API v2.0","https://www.inegi.org.mx/app/api/indicadores/desarrolladores/jsonxml","2026-08-02","Consulta API validada; periodo censal comparable por entidad y sexo. 2015 excluido por cobertura incompleta."
"POP-TOTAL","Poblacion total","persons","10","Durango","total","2010","1632934","official","INEGI Banco de Indicadores API v2.0","https://www.inegi.org.mx/app/api/indicadores/desarrolladores/jsonxml","2026-08-02","Consulta API validada; periodo censal comparable por entidad y sexo. 2015 excluido por cobertura incompleta."
"POP-FEMALE","Poblacion de mujeres","persons","10","Durango","female","2020","927784","official","INEGI Banco de Indicadores API v2.0","https://www.inegi.org.mx/app/api/indicadores/desarrolladores/jsonxml","2026-08-02","Consulta API validada; periodo censal comparable por entidad y sexo. 2015 excluido por cobertura incompleta."
"POP-MALE","Poblacion de hombres","persons","10","Durango","male","2020","904866","official","INEGI Banco de Indicadores API v2.0","https://www.inegi.org.mx/app/api/indicadores/desarrolladores/jsonxml","2026-08-02","Consulta API validada; periodo censal comparable por entidad y sexo. 2015 excluido por cobertura incompleta."
"POP-TOTAL","Poblacion total","persons","10","Durango","total","2020","1832650","official","INEGI Banco de Indicadores API v2.0","https://www.inegi.org.mx/app/api/indicadores/desarrolladores/jsonxml","2026-08-02","Consulta API validada; periodo censal comparable por entidad y sexo. 2015 excluido por cobertura incompleta."
"POP-FEMALE","Poblacion de mujeres","persons","11","Guanajuato","female","1995","2267464","official","INEGI Banco de Indicadores API v2.0","https://www.inegi.org.mx/app/api/indicadores/desarrolladores/jsonxml","2026-08-02","Consulta API validada; periodo censal comparable por entidad y sexo. 2015 excluido por cobertura incompleta."
"POP-MALE","Poblacion de hombres","persons","11","Guanajuato","male","1995","2139104","official","INEGI Banco de Indicadores API v2.0","https://www.inegi.org.mx/app/api/indicadores/desarrolladores/jsonxml","2026-08-02","Consulta API validada; periodo censal comparable por entidad y sexo. 2015 excluido por cobertura incompleta."
"POP-TOTAL","Poblacion total","persons","11","Guanajuato","total","1995","4406568","official","INEGI Banco de Indicadores API v2.0","https://www.inegi.org.mx/app/api/indicadores/desarrolladores/jsonxml","2026-08-02","Consulta API validada; periodo censal comparable por entidad y sexo. 2015 excluido por cobertura incompleta."
"POP-FEMALE","Poblacion de mujeres","persons","11","Guanajuato","female","2000","2429717","official","INEGI Banco de Indicadores API v2.0","https://www.inegi.org.mx/app/api/indicadores/desarrolladores/jsonxml","2026-08-02","Consulta API validada; periodo censal comparable por entidad y sexo. 2015 excluido por cobertura incompleta."
"POP-MALE","Poblacion de hombres","persons","11","Guanajuato","male","2000","2233315","official","INEGI Banco de Indicadores API v2.0","https://www.inegi.org.mx/app/api/indicadores/desarrolladores/jsonxml","2026-08-02","Consulta API validada; periodo censal comparable por entidad y sexo. 2015 excluido por cobertura incompleta."
"POP-TOTAL","Poblacion total","persons","11","Guanajuato","total","2000","4663032","official","INEGI Banco de Indicadores API v2.0","https://www.inegi.org.mx/app/api/indicadores/desarrolladores/jsonxml","2026-08-02","Consulta API validada; periodo censal comparable por entidad y sexo. 2015 excluido por cobertura incompleta."
"POP-FEMALE","Poblacion de mujeres","persons","11","Guanajuato","female","2005","2564676","official","INEGI Banco de Indicadores API v2.0","https://www.inegi.org.mx/app/api/indicadores/desarrolladores/jsonxml","2026-08-02","Consulta API validada; periodo censal comparable por entidad y sexo. 2015 excluido por cobertura incompleta."
"POP-MALE","Poblacion de hombres","persons","11","Guanajuato","male","2005","2329136","official","INEGI Banco de Indicadores API v2.0","https://www.inegi.org.mx/app/api/indicadores/desarrolladores/jsonxml","2026-08-02","Consulta API validada; periodo censal comparable por entidad y sexo. 2015 excluido por cobertura incompleta."
"POP-TOTAL","Poblacion total","persons","11","Guanajuato","total","2005","4893812","official","INEGI Banco de Indicadores API v2.0","https://www.inegi.org.mx/app/api/indicadores/desarrolladores/jsonxml","2026-08-02","Consulta API validada; periodo censal comparable por entidad y sexo. 2015 excluido por cobertura incompleta."
"POP-FEMALE","Poblacion de mujeres","persons","11","Guanajuato","female","2010","2846947","official","INEGI Banco de Indicadores API v2.0","https://www.inegi.org.mx/app/api/indicadores/desarrolladores/jsonxml","2026-08-02","Consulta API validada; periodo censal comparable por entidad y sexo. 2015 excluido por cobertura incompleta."
"POP-MALE","Poblacion de hombres","persons","11","Guanajuato","male","2010","2639425","official","INEGI Banco de Indicadores API v2.0","https://www.inegi.org.mx/app/api/indicadores/desarrolladores/jsonxml","2026-08-02","Consulta API validada; periodo censal comparable por entidad y sexo. 2015 excluido por cobertura incompleta."
"POP-TOTAL","Poblacion total","persons","11","Guanajuato","total","2010","5486372","official","INEGI Banco de Indicadores API v2.0","https://www.inegi.org.mx/app/api/indicadores/desarrolladores/jsonxml","2026-08-02","Consulta API validada; periodo censal comparable por entidad y sexo. 2015 excluido por cobertura incompleta."
"POP-FEMALE","Poblacion de mujeres","persons","11","Guanajuato","female","2020","3170480","official","INEGI Banco de Indicadores API v2.0","https://www.inegi.org.mx/app/api/indicadores/desarrolladores/jsonxml","2026-08-02","Consulta API validada; periodo censal comparable por entidad y sexo. 2015 excluido por cobertura incompleta."
"POP-MALE","Poblacion de hombres","persons","11","Guanajuato","male","2020","2996454","official","INEGI Banco de Indicadores API v2.0","https://www.inegi.org.mx/app/api/indicadores/desarrolladores/jsonxml","2026-08-02","Consulta API validada; periodo censal comparable por entidad y sexo. 2015 excluido por cobertura incompleta."
"POP-TOTAL","Poblacion total","persons","11","Guanajuato","total","2020","6166934","official","INEGI Banco de Indicadores API v2.0","https://www.inegi.org.mx/app/api/indicadores/desarrolladores/jsonxml","2026-08-02","Consulta API validada; periodo censal comparable por entidad y sexo. 2015 excluido por cobertura incompleta."
"POP-FEMALE","Poblacion de mujeres","persons","12","Guerrero","female","1995","1483150","official","INEGI Banco de Indicadores API v2.0","https://www.inegi.org.mx/app/api/indicadores/desarrolladores/jsonxml","2026-08-02","Consulta API validada; periodo censal comparable por entidad y sexo. 2015 excluido por cobertura incompleta."
"POP-MALE","Poblacion de hombres","persons","12","Guerrero","male","1995","1433417","official","INEGI Banco de Indicadores API v2.0","https://www.inegi.org.mx/app/api/indicadores/desarrolladores/jsonxml","2026-08-02","Consulta API validada; periodo censal comparable por entidad y sexo. 2015 excluido por cobertura incompleta."
"POP-TOTAL","Poblacion total","persons","12","Guerrero","total","1995","2916567","official","INEGI Banco de Indicadores API v2.0","https://www.inegi.org.mx/app/api/indicadores/desarrolladores/jsonxml","2026-08-02","Consulta API validada; periodo censal comparable por entidad y sexo. 2015 excluido por cobertura incompleta."
"POP-FEMALE","Poblacion de mujeres","persons","12","Guerrero","female","2000","1588362","official","INEGI Banco de Indicadores API v2.0","https://www.inegi.org.mx/app/api/indicadores/desarrolladores/jsonxml","2026-08-02","Consulta API validada; periodo censal comparable por entidad y sexo. 2015 excluido por cobertura incompleta."
"POP-MALE","Poblacion de hombres","persons","12","Guerrero","male","2000","1491287","official","INEGI Banco de Indicadores API v2.0","https://www.inegi.org.mx/app/api/indicadores/desarrolladores/jsonxml","2026-08-02","Consulta API validada; periodo censal comparable por entidad y sexo. 2015 excluido por cobertura incompleta."
"POP-TOTAL","Poblacion total","persons","12","Guerrero","total","2000","3079649","official","INEGI Banco de Indicadores API v2.0","https://www.inegi.org.mx/app/api/indicadores/desarrolladores/jsonxml","2026-08-02","Consulta API validada; periodo censal comparable por entidad y sexo. 2015 excluido por cobertura incompleta."
"POP-FEMALE","Poblacion de mujeres","persons","12","Guerrero","female","2005","1615749","official","INEGI Banco de Indicadores API v2.0","https://www.inegi.org.mx/app/api/indicadores/desarrolladores/jsonxml","2026-08-02","Consulta API validada; periodo censal comparable por entidad y sexo. 2015 excluido por cobertura incompleta."
"POP-MALE","Poblacion de hombres","persons","12","Guerrero","male","2005","1499453","official","INEGI Banco de Indicadores API v2.0","https://www.inegi.org.mx/app/api/indicadores/desarrolladores/jsonxml","2026-08-02","Consulta API validada; periodo censal comparable por entidad y sexo. 2015 excluido por cobertura incompleta."
"POP-TOTAL","Poblacion total","persons","12","Guerrero","total","2005","3115202","official","INEGI Banco de Indicadores API v2.0","https://www.inegi.org.mx/app/api/indicadores/desarrolladores/jsonxml","2026-08-02","Consulta API validada; periodo censal comparable por entidad y sexo. 2015 excluido por cobertura incompleta."
"POP-FEMALE","Poblacion de mujeres","persons","12","Guerrero","female","2010","1743207","official","INEGI Banco de Indicadores API v2.0","https://www.inegi.org.mx/app/api/indicadores/desarrolladores/jsonxml","2026-08-02","Consulta API validada; periodo censal comparable por entidad y sexo. 2015 excluido por cobertura incompleta."
"POP-MALE","Poblacion de hombres","persons","12","Guerrero","male","2010","1645561","official","INEGI Banco de Indicadores API v2.0","https://www.inegi.org.mx/app/api/indicadores/desarrolladores/jsonxml","2026-08-02","Consulta API validada; periodo censal comparable por entidad y sexo. 2015 excluido por cobertura incompleta."
"POP-TOTAL","Poblacion total","persons","12","Guerrero","total","2010","3388768","official","INEGI Banco de Indicadores API v2.0","https://www.inegi.org.mx/app/api/indicadores/desarrolladores/jsonxml","2026-08-02","Consulta API validada; periodo censal comparable por entidad y sexo. 2015 excluido por cobertura incompleta."
"POP-FEMALE","Poblacion de mujeres","persons","12","Guerrero","female","2020","1840073","official","INEGI Banco de Indicadores API v2.0","https://www.inegi.org.mx/app/api/indicadores/desarrolladores/jsonxml","2026-08-02","Consulta API validada; periodo censal comparable por entidad y sexo. 2015 excluido por cobertura incompleta."
"POP-MALE","Poblacion de hombres","persons","12","Guerrero","male","2020","1700612","official","INEGI Banco de Indicadores API v2.0","https://www.inegi.org.mx/app/api/indicadores/desarrolladores/jsonxml","2026-08-02","Consulta API validada; periodo censal comparable por entidad y sexo. 2015 excluido por cobertura incompleta."
"POP-TOTAL","Poblacion total","persons","12","Guerrero","total","2020","3540685","official","INEGI Banco de Indicadores API v2.0","https://www.inegi.org.mx/app/api/indicadores/desarrolladores/jsonxml","2026-08-02","Consulta API validada; periodo censal comparable por entidad y sexo. 2015 excluido por cobertura incompleta."
"POP-FEMALE","Poblacion de mujeres","persons","13","Hidalgo","female","1995","1069907","official","INEGI Banco de Indicadores API v2.0","https://www.inegi.org.mx/app/api/indicadores/desarrolladores/jsonxml","2026-08-02","Consulta API validada; periodo censal comparable por entidad y sexo. 2015 excluido por cobertura incompleta."
"POP-MALE","Poblacion de hombres","persons","13","Hidalgo","male","1995","1042566","official","INEGI Banco de Indicadores API v2.0","https://www.inegi.org.mx/app/api/indicadores/desarrolladores/jsonxml","2026-08-02","Consulta API validada; periodo censal comparable por entidad y sexo. 2015 excluido por cobertura incompleta."
"POP-TOTAL","Poblacion total","persons","13","Hidalgo","total","1995","2112473","official","INEGI Banco de Indicadores API v2.0","https://www.inegi.org.mx/app/api/indicadores/desarrolladores/jsonxml","2026-08-02","Consulta API validada; periodo censal comparable por entidad y sexo. 2015 excluido por cobertura incompleta."
"POP-FEMALE","Poblacion de mujeres","persons","13","Hidalgo","female","2000","1153598","official","INEGI Banco de Indicadores API v2.0","https://www.inegi.org.mx/app/api/indicadores/desarrolladores/jsonxml","2026-08-02","Consulta API validada; periodo censal comparable por entidad y sexo. 2015 excluido por cobertura incompleta."
"POP-MALE","Poblacion de hombres","persons","13","Hidalgo","male","2000","1081993","official","INEGI Banco de Indicadores API v2.0","https://www.inegi.org.mx/app/api/indicadores/desarrolladores/jsonxml","2026-08-02","Consulta API validada; periodo censal comparable por entidad y sexo. 2015 excluido por cobertura incompleta."
"POP-TOTAL","Poblacion total","persons","13","Hidalgo","total","2000","2235591","official","INEGI Banco de Indicadores API v2.0","https://www.inegi.org.mx/app/api/indicadores/desarrolladores/jsonxml","2026-08-02","Consulta API validada; periodo censal comparable por entidad y sexo. 2015 excluido por cobertura incompleta."
"POP-FEMALE","Poblacion de mujeres","persons","13","Hidalgo","female","2005","1220326","official","INEGI Banco de Indicadores API v2.0","https://www.inegi.org.mx/app/api/indicadores/desarrolladores/jsonxml","2026-08-02","Consulta API validada; periodo censal comparable por entidad y sexo. 2015 excluido por cobertura incompleta."
"POP-MALE","Poblacion de hombres","persons","13","Hidalgo","male","2005","1125188","official","INEGI Banco de Indicadores API v2.0","https://www.inegi.org.mx/app/api/indicadores/desarrolladores/jsonxml","2026-08-02","Consulta API validada; periodo censal comparable por entidad y sexo. 2015 excluido por cobertura incompleta."
"POP-TOTAL","Poblacion total","persons","13","Hidalgo","total","2005","2345514","official","INEGI Banco de Indicadores API v2.0","https://www.inegi.org.mx/app/api/indicadores/desarrolladores/jsonxml","2026-08-02","Consulta API validada; periodo censal comparable por entidad y sexo. 2015 excluido por cobertura incompleta."
"POP-FEMALE","Poblacion de mujeres","persons","13","Hidalgo","female","2010","1379796","official","INEGI Banco de Indicadores API v2.0","https://www.inegi.org.mx/app/api/indicadores/desarrolladores/jsonxml","2026-08-02","Consulta API validada; periodo censal comparable por entidad y sexo. 2015 excluido por cobertura incompleta."
"POP-MALE","Poblacion de hombres","persons","13","Hidalgo","male","2010","1285222","official","INEGI Banco de Indicadores API v2.0","https://www.inegi.org.mx/app/api/indicadores/desarrolladores/jsonxml","2026-08-02","Consulta API validada; periodo censal comparable por entidad y sexo. 2015 excluido por cobertura incompleta."
"POP-TOTAL","Poblacion total","persons","13","Hidalgo","total","2010","2665018","official","INEGI Banco de Indicadores API v2.0","https://www.inegi.org.mx/app/api/indicadores/desarrolladores/jsonxml","2026-08-02","Consulta API validada; periodo censal comparable por entidad y sexo. 2015 excluido por cobertura incompleta."
"POP-FEMALE","Poblacion de mujeres","persons","13","Hidalgo","female","2020","1601462","official","INEGI Banco de Indicadores API v2.0","https://www.inegi.org.mx/app/api/indicadores/desarrolladores/jsonxml","2026-08-02","Consulta API validada; periodo censal comparable por entidad y sexo. 2015 excluido por cobertura incompleta."
"POP-MALE","Poblacion de hombres","persons","13","Hidalgo","male","2020","1481379","official","INEGI Banco de Indicadores API v2.0","https://www.inegi.org.mx/app/api/indicadores/desarrolladores/jsonxml","2026-08-02","Consulta API validada; periodo censal comparable por entidad y sexo. 2015 excluido por cobertura incompleta."
"POP-TOTAL","Poblacion total","persons","13","Hidalgo","total","2020","3082841","official","INEGI Banco de Indicadores API v2.0","https://www.inegi.org.mx/app/api/indicadores/desarrolladores/jsonxml","2026-08-02","Consulta API validada; periodo censal comparable por entidad y sexo. 2015 excluido por cobertura incompleta."
"POP-FEMALE","Poblacion de mujeres","persons","14","Jalisco","female","1995","3067255","official","INEGI Banco de Indicadores API v2.0","https://www.inegi.org.mx/app/api/indicadores/desarrolladores/jsonxml","2026-08-02","Consulta API validada; periodo censal comparable por entidad y sexo. 2015 excluido por cobertura incompleta."
"POP-MALE","Poblacion de hombres","persons","14","Jalisco","male","1995","2923921","official","INEGI Banco de Indicadores API v2.0","https://www.inegi.org.mx/app/api/indicadores/desarrolladores/jsonxml","2026-08-02","Consulta API validada; periodo censal comparable por entidad y sexo. 2015 excluido por cobertura incompleta."
"POP-TOTAL","Poblacion total","persons","14","Jalisco","total","1995","5991176","official","INEGI Banco de Indicadores API v2.0","https://www.inegi.org.mx/app/api/indicadores/desarrolladores/jsonxml","2026-08-02","Consulta API validada; periodo censal comparable por entidad y sexo. 2015 excluido por cobertura incompleta."
"POP-FEMALE","Poblacion de mujeres","persons","14","Jalisco","female","2000","3251761","official","INEGI Banco de Indicadores API v2.0","https://www.inegi.org.mx/app/api/indicadores/desarrolladores/jsonxml","2026-08-02","Consulta API validada; periodo censal comparable por entidad y sexo. 2015 excluido por cobertura incompleta."
"POP-MALE","Poblacion de hombres","persons","14","Jalisco","male","2000","3070241","official","INEGI Banco de Indicadores API v2.0","https://www.inegi.org.mx/app/api/indicadores/desarrolladores/jsonxml","2026-08-02","Consulta API validada; periodo censal comparable por entidad y sexo. 2015 excluido por cobertura incompleta."
"POP-TOTAL","Poblacion total","persons","14","Jalisco","total","2000","6322002","official","INEGI Banco de Indicadores API v2.0","https://www.inegi.org.mx/app/api/indicadores/desarrolladores/jsonxml","2026-08-02","Consulta API validada; periodo censal comparable por entidad y sexo. 2015 excluido por cobertura incompleta."
"POP-FEMALE","Poblacion de mujeres","persons","14","Jalisco","female","2005","3473291","official","INEGI Banco de Indicadores API v2.0","https://www.inegi.org.mx/app/api/indicadores/desarrolladores/jsonxml","2026-08-02","Consulta API validada; periodo censal comparable por entidad y sexo. 2015 excluido por cobertura incompleta."
"POP-MALE","Poblacion de hombres","persons","14","Jalisco","male","2005","3278822","official","INEGI Banco de Indicadores API v2.0","https://www.inegi.org.mx/app/api/indicadores/desarrolladores/jsonxml","2026-08-02","Consulta API validada; periodo censal comparable por entidad y sexo. 2015 excluido por cobertura incompleta."
"POP-TOTAL","Poblacion total","persons","14","Jalisco","total","2005","6752113","official","INEGI Banco de Indicadores API v2.0","https://www.inegi.org.mx/app/api/indicadores/desarrolladores/jsonxml","2026-08-02","Consulta API validada; periodo censal comparable por entidad y sexo. 2015 excluido por cobertura incompleta."
"POP-FEMALE","Poblacion de mujeres","persons","14","Jalisco","female","2010","3750041","official","INEGI Banco de Indicadores API v2.0","https://www.inegi.org.mx/app/api/indicadores/desarrolladores/jsonxml","2026-08-02","Consulta API validada; periodo censal comparable por entidad y sexo. 2015 excluido por cobertura incompleta."
"POP-MALE","Poblacion de hombres","persons","14","Jalisco","male","2010","3600641","official","INEGI Banco de Indicadores API v2.0","https://www.inegi.org.mx/app/api/indicadores/desarrolladores/jsonxml","2026-08-02","Consulta API validada; periodo censal comparable por entidad y sexo. 2015 excluido por cobertura incompleta."
"POP-TOTAL","Poblacion total","persons","14","Jalisco","total","2010","7350682","official","INEGI Banco de Indicadores API v2.0","https://www.inegi.org.mx/app/api/indicadores/desarrolladores/jsonxml","2026-08-02","Consulta API validada; periodo censal comparable por entidad y sexo. 2015 excluido por cobertura incompleta."
"POP-FEMALE","Poblacion de mujeres","persons","14","Jalisco","female","2020","4249696","official","INEGI Banco de Indicadores API v2.0","https://www.inegi.org.mx/app/api/indicadores/desarrolladores/jsonxml","2026-08-02","Consulta API validada; periodo censal comparable por entidad y sexo. 2015 excluido por cobertura incompleta."
"POP-MALE","Poblacion de hombres","persons","14","Jalisco","male","2020","4098455","official","INEGI Banco de Indicadores API v2.0","https://www.inegi.org.mx/app/api/indicadores/desarrolladores/jsonxml","2026-08-02","Consulta API validada; periodo censal comparable por entidad y sexo. 2015 excluido por cobertura incompleta."
"POP-TOTAL","Poblacion total","persons","14","Jalisco","total","2020","8348151","official","INEGI Banco de Indicadores API v2.0","https://www.inegi.org.mx/app/api/indicadores/desarrolladores/jsonxml","2026-08-02","Consulta API validada; periodo censal comparable por entidad y sexo. 2015 excluido por cobertura incompleta."
"POP-FEMALE","Poblacion de mujeres","persons","15","México","female","1995","5931910","official","INEGI Banco de Indicadores API v2.0","https://www.inegi.org.mx/app/api/indicadores/desarrolladores/jsonxml","2026-08-02","Consulta API validada; periodo censal comparable por entidad y sexo. 2015 excluido por cobertura incompleta."
"POP-MALE","Poblacion de hombres","persons","15","México","male","1995","5776054","official","INEGI Banco de Indicadores API v2.0","https://www.inegi.org.mx/app/api/indicadores/desarrolladores/jsonxml","2026-08-02","Consulta API validada; periodo censal comparable por entidad y sexo. 2015 excluido por cobertura incompleta."
"POP-TOTAL","Poblacion total","persons","15","México","total","1995","11707964","official","INEGI Banco de Indicadores API v2.0","https://www.inegi.org.mx/app/api/indicadores/desarrolladores/jsonxml","2026-08-02","Consulta API validada; periodo censal comparable por entidad y sexo. 2015 excluido por cobertura incompleta."
"POP-FEMALE","Poblacion de mujeres","persons","15","México","female","2000","6689473","official","INEGI Banco de Indicadores API v2.0","https://www.inegi.org.mx/app/api/indicadores/desarrolladores/jsonxml","2026-08-02","Consulta API validada; periodo censal comparable por entidad y sexo. 2015 excluido por cobertura incompleta."
"POP-MALE","Poblacion de hombres","persons","15","México","male","2000","6407213","official","INEGI Banco de Indicadores API v2.0","https://www.inegi.org.mx/app/api/indicadores/desarrolladores/jsonxml","2026-08-02","Consulta API validada; periodo censal comparable por entidad y sexo. 2015 excluido por cobertura incompleta."
"POP-TOTAL","Poblacion total","persons","15","México","total","2000","13096686","official","INEGI Banco de Indicadores API v2.0","https://www.inegi.org.mx/app/api/indicadores/desarrolladores/jsonxml","2026-08-02","Consulta API validada; periodo censal comparable por entidad y sexo. 2015 excluido por cobertura incompleta."
"POP-FEMALE","Poblacion de mujeres","persons","15","México","female","2005","7174673","official","INEGI Banco de Indicadores API v2.0","https://www.inegi.org.mx/app/api/indicadores/desarrolladores/jsonxml","2026-08-02","Consulta API validada; periodo censal comparable por entidad y sexo. 2015 excluido por cobertura incompleta."
"POP-MALE","Poblacion de hombres","persons","15","México","male","2005","6832822","official","INEGI Banco de Indicadores API v2.0","https://www.inegi.org.mx/app/api/indicadores/desarrolladores/jsonxml","2026-08-02","Consulta API validada; periodo censal comparable por entidad y sexo. 2015 excluido por cobertura incompleta."
"POP-TOTAL","Poblacion total","persons","15","México","total","2005","14007495","official","INEGI Banco de Indicadores API v2.0","https://www.inegi.org.mx/app/api/indicadores/desarrolladores/jsonxml","2026-08-02","Consulta API validada; periodo censal comparable por entidad y sexo. 2015 excluido por cobertura incompleta."
"POP-FEMALE","Poblacion de mujeres","persons","15","México","female","2010","7778876","official","INEGI Banco de Indicadores API v2.0","https://www.inegi.org.mx/app/api/indicadores/desarrolladores/jsonxml","2026-08-02","Consulta API validada; periodo censal comparable por entidad y sexo. 2015 excluido por cobertura incompleta."
"POP-MALE","Poblacion de hombres","persons","15","México","male","2010","7396986","official","INEGI Banco de Indicadores API v2.0","https://www.inegi.org.mx/app/api/indicadores/desarrolladores/jsonxml","2026-08-02","Consulta API validada; periodo censal comparable por entidad y sexo. 2015 excluido por cobertura incompleta."
"POP-TOTAL","Poblacion total","persons","15","México","total","2010","15175862","official","INEGI Banco de Indicadores API v2.0","https://www.inegi.org.mx/app/api/indicadores/desarrolladores/jsonxml","2026-08-02","Consulta API validada; periodo censal comparable por entidad y sexo. 2015 excluido por cobertura incompleta."
"POP-FEMALE","Poblacion de mujeres","persons","15","México","female","2020","8741123","official","INEGI Banco de Indicadores API v2.0","https://www.inegi.org.mx/app/api/indicadores/desarrolladores/jsonxml","2026-08-02","Consulta API validada; periodo censal comparable por entidad y sexo. 2015 excluido por cobertura incompleta."
"POP-MALE","Poblacion de hombres","persons","15","México","male","2020","8251295","official","INEGI Banco de Indicadores API v2.0","https://www.inegi.org.mx/app/api/indicadores/desarrolladores/jsonxml","2026-08-02","Consulta API validada; periodo censal comparable por entidad y sexo. 2015 excluido por cobertura incompleta."
"POP-TOTAL","Poblacion total","persons","15","México","total","2020","16992418","official","INEGI Banco de Indicadores API v2.0","https://www.inegi.org.mx/app/api/indicadores/desarrolladores/jsonxml","2026-08-02","Consulta API validada; periodo censal comparable por entidad y sexo. 2015 excluido por cobertura incompleta."
"POP-FEMALE","Poblacion de mujeres","persons","16","Michoacán de Ocampo","female","1995","1986499","official","INEGI Banco de Indicadores API v2.0","https://www.inegi.org.mx/app/api/indicadores/desarrolladores/jsonxml","2026-08-02","Consulta API validada; periodo censal comparable por entidad y sexo. 2015 excluido por cobertura incompleta."
"POP-MALE","Poblacion de hombres","persons","16","Michoacán de Ocampo","male","1995","1884105","official","INEGI Banco de Indicadores API v2.0","https://www.inegi.org.mx/app/api/indicadores/desarrolladores/jsonxml","2026-08-02","Consulta API validada; periodo censal comparable por entidad y sexo. 2015 excluido por cobertura incompleta."
"POP-TOTAL","Poblacion total","persons","16","Michoacán de Ocampo","total","1995","3870604","official","INEGI Banco de Indicadores API v2.0","https://www.inegi.org.mx/app/api/indicadores/desarrolladores/jsonxml","2026-08-02","Consulta API validada; periodo censal comparable por entidad y sexo. 2015 excluido por cobertura incompleta."
"POP-FEMALE","Poblacion de mujeres","persons","16","Michoacán de Ocampo","female","2000","2074589","official","INEGI Banco de Indicadores API v2.0","https://www.inegi.org.mx/app/api/indicadores/desarrolladores/jsonxml","2026-08-02","Consulta API validada; periodo censal comparable por entidad y sexo. 2015 excluido por cobertura incompleta."
"POP-MALE","Poblacion de hombres","persons","16","Michoacán de Ocampo","male","2000","1911078","official","INEGI Banco de Indicadores API v2.0","https://www.inegi.org.mx/app/api/indicadores/desarrolladores/jsonxml","2026-08-02","Consulta API validada; periodo censal comparable por entidad y sexo. 2015 excluido por cobertura incompleta."
"POP-TOTAL","Poblacion total","persons","16","Michoacán de Ocampo","total","2000","3985667","official","INEGI Banco de Indicadores API v2.0","https://www.inegi.org.mx/app/api/indicadores/desarrolladores/jsonxml","2026-08-02","Consulta API validada; periodo censal comparable por entidad y sexo. 2015 excluido por cobertura incompleta."
"POP-FEMALE","Poblacion de mujeres","persons","16","Michoacán de Ocampo","female","2005","2073696","official","INEGI Banco de Indicadores API v2.0","https://www.inegi.org.mx/app/api/indicadores/desarrolladores/jsonxml","2026-08-02","Consulta API validada; periodo censal comparable por entidad y sexo. 2015 excluido por cobertura incompleta."
"POP-MALE","Poblacion de hombres","persons","16","Michoacán de Ocampo","male","2005","1892377","official","INEGI Banco de Indicadores API v2.0","https://www.inegi.org.mx/app/api/indicadores/desarrolladores/jsonxml","2026-08-02","Consulta API validada; periodo censal comparable por entidad y sexo. 2015 excluido por cobertura incompleta."
"POP-TOTAL","Poblacion total","persons","16","Michoacán de Ocampo","total","2005","3966073","official","INEGI Banco de Indicadores API v2.0","https://www.inegi.org.mx/app/api/indicadores/desarrolladores/jsonxml","2026-08-02","Consulta API validada; periodo censal comparable por entidad y sexo. 2015 excluido por cobertura incompleta."
"POP-FEMALE","Poblacion de mujeres","persons","16","Michoacán de Ocampo","female","2010","2248928","official","INEGI Banco de Indicadores API v2.0","https://www.inegi.org.mx/app/api/indicadores/desarrolladores/jsonxml","2026-08-02","Consulta API validada; periodo censal comparable por entidad y sexo. 2015 excluido por cobertura incompleta."
"POP-MALE","Poblacion de hombres","persons","16","Michoacán de Ocampo","male","2010","2102109","official","INEGI Banco de Indicadores API v2.0","https://www.inegi.org.mx/app/api/indicadores/desarrolladores/jsonxml","2026-08-02","Consulta API validada; periodo censal comparable por entidad y sexo. 2015 excluido por cobertura incompleta."
"POP-TOTAL","Poblacion total","persons","16","Michoacán de Ocampo","total","2010","4351037","official","INEGI Banco de Indicadores API v2.0","https://www.inegi.org.mx/app/api/indicadores/desarrolladores/jsonxml","2026-08-02","Consulta API validada; periodo censal comparable por entidad y sexo. 2015 excluido por cobertura incompleta."
"POP-FEMALE","Poblacion de mujeres","persons","16","Michoacán de Ocampo","female","2020","2442505","official","INEGI Banco de Indicadores API v2.0","https://www.inegi.org.mx/app/api/indicadores/desarrolladores/jsonxml","2026-08-02","Consulta API validada; periodo censal comparable por entidad y sexo. 2015 excluido por cobertura incompleta."
"POP-MALE","Poblacion de hombres","persons","16","Michoacán de Ocampo","male","2020","2306341","official","INEGI Banco de Indicadores API v2.0","https://www.inegi.org.mx/app/api/indicadores/desarrolladores/jsonxml","2026-08-02","Consulta API validada; periodo censal comparable por entidad y sexo. 2015 excluido por cobertura incompleta."
"POP-TOTAL","Poblacion total","persons","16","Michoacán de Ocampo","total","2020","4748846","official","INEGI Banco de Indicadores API v2.0","https://www.inegi.org.mx/app/api/indicadores/desarrolladores/jsonxml","2026-08-02","Consulta API validada; periodo censal comparable por entidad y sexo. 2015 excluido por cobertura incompleta."
"POP-FEMALE","Poblacion de mujeres","persons","17","Morelos","female","1995","736581","official","INEGI Banco de Indicadores API v2.0","https://www.inegi.org.mx/app/api/indicadores/desarrolladores/jsonxml","2026-08-02","Consulta API validada; periodo censal comparable por entidad y sexo. 2015 excluido por cobertura incompleta."
"POP-MALE","Poblacion de hombres","persons","17","Morelos","male","1995","706081","official","INEGI Banco de Indicadores API v2.0","https://www.inegi.org.mx/app/api/indicadores/desarrolladores/jsonxml","2026-08-02","Consulta API validada; periodo censal comparable por entidad y sexo. 2015 excluido por cobertura incompleta."
"POP-TOTAL","Poblacion total","persons","17","Morelos","total","1995","1442662","official","INEGI Banco de Indicadores API v2.0","https://www.inegi.org.mx/app/api/indicadores/desarrolladores/jsonxml","2026-08-02","Consulta API validada; periodo censal comparable por entidad y sexo. 2015 excluido por cobertura incompleta."
"POP-FEMALE","Poblacion de mujeres","persons","17","Morelos","female","2000","804497","official","INEGI Banco de Indicadores API v2.0","https://www.inegi.org.mx/app/api/indicadores/desarrolladores/jsonxml","2026-08-02","Consulta API validada; periodo censal comparable por entidad y sexo. 2015 excluido por cobertura incompleta."
"POP-MALE","Poblacion de hombres","persons","17","Morelos","male","2000","750799","official","INEGI Banco de Indicadores API v2.0","https://www.inegi.org.mx/app/api/indicadores/desarrolladores/jsonxml","2026-08-02","Consulta API validada; periodo censal comparable por entidad y sexo. 2015 excluido por cobertura incompleta."
"POP-TOTAL","Poblacion total","persons","17","Morelos","total","2000","1555296","official","INEGI Banco de Indicadores API v2.0","https://www.inegi.org.mx/app/api/indicadores/desarrolladores/jsonxml","2026-08-02","Consulta API validada; periodo censal comparable por entidad y sexo. 2015 excluido por cobertura incompleta."
"POP-FEMALE","Poblacion de mujeres","persons","17","Morelos","female","2005","837588","official","INEGI Banco de Indicadores API v2.0","https://www.inegi.org.mx/app/api/indicadores/desarrolladores/jsonxml","2026-08-02","Consulta API validada; periodo censal comparable por entidad y sexo. 2015 excluido por cobertura incompleta."
"POP-MALE","Poblacion de hombres","persons","17","Morelos","male","2005","775311","official","INEGI Banco de Indicadores API v2.0","https://www.inegi.org.mx/app/api/indicadores/desarrolladores/jsonxml","2026-08-02","Consulta API validada; periodo censal comparable por entidad y sexo. 2015 excluido por cobertura incompleta."
"POP-TOTAL","Poblacion total","persons","17","Morelos","total","2005","1612899","official","INEGI Banco de Indicadores API v2.0","https://www.inegi.org.mx/app/api/indicadores/desarrolladores/jsonxml","2026-08-02","Consulta API validada; periodo censal comparable por entidad y sexo. 2015 excluido por cobertura incompleta."
"POP-FEMALE","Poblacion de mujeres","persons","17","Morelos","female","2010","918639","official","INEGI Banco de Indicadores API v2.0","https://www.inegi.org.mx/app/api/indicadores/desarrolladores/jsonxml","2026-08-02","Consulta API validada; periodo censal comparable por entidad y sexo. 2015 excluido por cobertura incompleta."
"POP-MALE","Poblacion de hombres","persons","17","Morelos","male","2010","858588","official","INEGI Banco de Indicadores API v2.0","https://www.inegi.org.mx/app/api/indicadores/desarrolladores/jsonxml","2026-08-02","Consulta API validada; periodo censal comparable por entidad y sexo. 2015 excluido por cobertura incompleta."
"POP-TOTAL","Poblacion total","persons","17","Morelos","total","2010","1777227","official","INEGI Banco de Indicadores API v2.0","https://www.inegi.org.mx/app/api/indicadores/desarrolladores/jsonxml","2026-08-02","Consulta API validada; periodo censal comparable por entidad y sexo. 2015 excluido por cobertura incompleta."
"POP-FEMALE","Poblacion de mujeres","persons","17","Morelos","female","2020","1020673","official","INEGI Banco de Indicadores API v2.0","https://www.inegi.org.mx/app/api/indicadores/desarrolladores/jsonxml","2026-08-02","Consulta API validada; periodo censal comparable por entidad y sexo. 2015 excluido por cobertura incompleta."
"POP-MALE","Poblacion de hombres","persons","17","Morelos","male","2020","950847","official","INEGI Banco de Indicadores API v2.0","https://www.inegi.org.mx/app/api/indicadores/desarrolladores/jsonxml","2026-08-02","Consulta API validada; periodo censal comparable por entidad y sexo. 2015 excluido por cobertura incompleta."
"POP-TOTAL","Poblacion total","persons","17","Morelos","total","2020","1971520","official","INEGI Banco de Indicadores API v2.0","https://www.inegi.org.mx/app/api/indicadores/desarrolladores/jsonxml","2026-08-02","Consulta API validada; periodo censal comparable por entidad y sexo. 2015 excluido por cobertura incompleta."
"POP-FEMALE","Poblacion de mujeres","persons","18","Nayarit","female","1995","448073","official","INEGI Banco de Indicadores API v2.0","https://www.inegi.org.mx/app/api/indicadores/desarrolladores/jsonxml","2026-08-02","Consulta API validada; periodo censal comparable por entidad y sexo. 2015 excluido por cobertura incompleta."
"POP-MALE","Poblacion de hombres","persons","18","Nayarit","male","1995","448629","official","INEGI Banco de Indicadores API v2.0","https://www.inegi.org.mx/app/api/indicadores/desarrolladores/jsonxml","2026-08-02","Consulta API validada; periodo censal comparable por entidad y sexo. 2015 excluido por cobertura incompleta."
"POP-TOTAL","Poblacion total","persons","18","Nayarit","total","1995","896702","official","INEGI Banco de Indicadores API v2.0","https://www.inegi.org.mx/app/api/indicadores/desarrolladores/jsonxml","2026-08-02","Consulta API validada; periodo censal comparable por entidad y sexo. 2015 excluido por cobertura incompleta."
"POP-FEMALE","Poblacion de mujeres","persons","18","Nayarit","female","2000","464080","official","INEGI Banco de Indicadores API v2.0","https://www.inegi.org.mx/app/api/indicadores/desarrolladores/jsonxml","2026-08-02","Consulta API validada; periodo censal comparable por entidad y sexo. 2015 excluido por cobertura incompleta."
"POP-MALE","Poblacion de hombres","persons","18","Nayarit","male","2000","456105","official","INEGI Banco de Indicadores API v2.0","https://www.inegi.org.mx/app/api/indicadores/desarrolladores/jsonxml","2026-08-02","Consulta API validada; periodo censal comparable por entidad y sexo. 2015 excluido por cobertura incompleta."
"POP-TOTAL","Poblacion total","persons","18","Nayarit","total","2000","920185","official","INEGI Banco de Indicadores API v2.0","https://www.inegi.org.mx/app/api/indicadores/desarrolladores/jsonxml","2026-08-02","Consulta API validada; periodo censal comparable por entidad y sexo. 2015 excluido por cobertura incompleta."
"POP-FEMALE","Poblacion de mujeres","persons","18","Nayarit","female","2005","480480","official","INEGI Banco de Indicadores API v2.0","https://www.inegi.org.mx/app/api/indicadores/desarrolladores/jsonxml","2026-08-02","Consulta API validada; periodo censal comparable por entidad y sexo. 2015 excluido por cobertura incompleta."
"POP-MALE","Poblacion de hombres","persons","18","Nayarit","male","2005","469204","official","INEGI Banco de Indicadores API v2.0","https://www.inegi.org.mx/app/api/indicadores/desarrolladores/jsonxml","2026-08-02","Consulta API validada; periodo censal comparable por entidad y sexo. 2015 excluido por cobertura incompleta."
"POP-TOTAL","Poblacion total","persons","18","Nayarit","total","2005","949684","official","INEGI Banco de Indicadores API v2.0","https://www.inegi.org.mx/app/api/indicadores/desarrolladores/jsonxml","2026-08-02","Consulta API validada; periodo censal comparable por entidad y sexo. 2015 excluido por cobertura incompleta."
"POP-FEMALE","Poblacion de mujeres","persons","18","Nayarit","female","2010","543972","official","INEGI Banco de Indicadores API v2.0","https://www.inegi.org.mx/app/api/indicadores/desarrolladores/jsonxml","2026-08-02","Consulta API validada; periodo censal comparable por entidad y sexo. 2015 excluido por cobertura incompleta."
"POP-MALE","Poblacion de hombres","persons","18","Nayarit","male","2010","541007","official","INEGI Banco de Indicadores API v2.0","https://www.inegi.org.mx/app/api/indicadores/desarrolladores/jsonxml","2026-08-02","Consulta API validada; periodo censal comparable por entidad y sexo. 2015 excluido por cobertura incompleta."
"POP-TOTAL","Poblacion total","persons","18","Nayarit","total","2010","1084979","official","INEGI Banco de Indicadores API v2.0","https://www.inegi.org.mx/app/api/indicadores/desarrolladores/jsonxml","2026-08-02","Consulta API validada; periodo censal comparable por entidad y sexo. 2015 excluido por cobertura incompleta."
"POP-FEMALE","Poblacion de mujeres","persons","18","Nayarit","female","2020","623178","official","INEGI Banco de Indicadores API v2.0","https://www.inegi.org.mx/app/api/indicadores/desarrolladores/jsonxml","2026-08-02","Consulta API validada; periodo censal comparable por entidad y sexo. 2015 excluido por cobertura incompleta."
"POP-MALE","Poblacion de hombres","persons","18","Nayarit","male","2020","612278","official","INEGI Banco de Indicadores API v2.0","https://www.inegi.org.mx/app/api/indicadores/desarrolladores/jsonxml","2026-08-02","Consulta API validada; periodo censal comparable por entidad y sexo. 2015 excluido por cobertura incompleta."
"POP-TOTAL","Poblacion total","persons","18","Nayarit","total","2020","1235456","official","INEGI Banco de Indicadores API v2.0","https://www.inegi.org.mx/app/api/indicadores/desarrolladores/jsonxml","2026-08-02","Consulta API validada; periodo censal comparable por entidad y sexo. 2015 excluido por cobertura incompleta."
"POP-FEMALE","Poblacion de mujeres","persons","19","Nuevo León","female","1995","1776321","official","INEGI Banco de Indicadores API v2.0","https://www.inegi.org.mx/app/api/indicadores/desarrolladores/jsonxml","2026-08-02","Consulta API validada; periodo censal comparable por entidad y sexo. 2015 excluido por cobertura incompleta."
"POP-MALE","Poblacion de hombres","persons","19","Nuevo León","male","1995","1773793","official","INEGI Banco de Indicadores API v2.0","https://www.inegi.org.mx/app/api/indicadores/desarrolladores/jsonxml","2026-08-02","Consulta API validada; periodo censal comparable por entidad y sexo. 2015 excluido por cobertura incompleta."
"POP-TOTAL","Poblacion total","persons","19","Nuevo León","total","1995","3550114","official","INEGI Banco de Indicadores API v2.0","https://www.inegi.org.mx/app/api/indicadores/desarrolladores/jsonxml","2026-08-02","Consulta API validada; periodo censal comparable por entidad y sexo. 2015 excluido por cobertura incompleta."
"POP-FEMALE","Poblacion de mujeres","persons","19","Nuevo León","female","2000","1926202","official","INEGI Banco de Indicadores API v2.0","https://www.inegi.org.mx/app/api/indicadores/desarrolladores/jsonxml","2026-08-02","Consulta API validada; periodo censal comparable por entidad y sexo. 2015 excluido por cobertura incompleta."
"POP-MALE","Poblacion de hombres","persons","19","Nuevo León","male","2000","1907939","official","INEGI Banco de Indicadores API v2.0","https://www.inegi.org.mx/app/api/indicadores/desarrolladores/jsonxml","2026-08-02","Consulta API validada; periodo censal comparable por entidad y sexo. 2015 excluido por cobertura incompleta."
"POP-TOTAL","Poblacion total","persons","19","Nuevo León","total","2000","3834141","official","INEGI Banco de Indicadores API v2.0","https://www.inegi.org.mx/app/api/indicadores/desarrolladores/jsonxml","2026-08-02","Consulta API validada; periodo censal comparable por entidad y sexo. 2015 excluido por cobertura incompleta."
"POP-FEMALE","Poblacion de mujeres","persons","19","Nuevo León","female","2005","2108619","official","INEGI Banco de Indicadores API v2.0","https://www.inegi.org.mx/app/api/indicadores/desarrolladores/jsonxml","2026-08-02","Consulta API validada; periodo censal comparable por entidad y sexo. 2015 excluido por cobertura incompleta."
"POP-MALE","Poblacion de hombres","persons","19","Nuevo León","male","2005","2090673","official","INEGI Banco de Indicadores API v2.0","https://www.inegi.org.mx/app/api/indicadores/desarrolladores/jsonxml","2026-08-02","Consulta API validada; periodo censal comparable por entidad y sexo. 2015 excluido por cobertura incompleta."
"POP-TOTAL","Poblacion total","persons","19","Nuevo León","total","2005","4199292","official","INEGI Banco de Indicadores API v2.0","https://www.inegi.org.mx/app/api/indicadores/desarrolladores/jsonxml","2026-08-02","Consulta API validada; periodo censal comparable por entidad y sexo. 2015 excluido por cobertura incompleta."
"POP-FEMALE","Poblacion de mujeres","persons","19","Nuevo León","female","2010","2333273","official","INEGI Banco de Indicadores API v2.0","https://www.inegi.org.mx/app/api/indicadores/desarrolladores/jsonxml","2026-08-02","Consulta API validada; periodo censal comparable por entidad y sexo. 2015 excluido por cobertura incompleta."
"POP-MALE","Poblacion de hombres","persons","19","Nuevo León","male","2010","2320185","official","INEGI Banco de Indicadores API v2.0","https://www.inegi.org.mx/app/api/indicadores/desarrolladores/jsonxml","2026-08-02","Consulta API validada; periodo censal comparable por entidad y sexo. 2015 excluido por cobertura incompleta."
"POP-TOTAL","Poblacion total","persons","19","Nuevo León","total","2010","4653458","official","INEGI Banco de Indicadores API v2.0","https://www.inegi.org.mx/app/api/indicadores/desarrolladores/jsonxml","2026-08-02","Consulta API validada; periodo censal comparable por entidad y sexo. 2015 excluido por cobertura incompleta."
"POP-FEMALE","Poblacion de mujeres","persons","19","Nuevo León","female","2020","2893492","official","INEGI Banco de Indicadores API v2.0","https://www.inegi.org.mx/app/api/indicadores/desarrolladores/jsonxml","2026-08-02","Consulta API validada; periodo censal comparable por entidad y sexo. 2015 excluido por cobertura incompleta."
"POP-MALE","Poblacion de hombres","persons","19","Nuevo León","male","2020","2890950","official","INEGI Banco de Indicadores API v2.0","https://www.inegi.org.mx/app/api/indicadores/desarrolladores/jsonxml","2026-08-02","Consulta API validada; periodo censal comparable por entidad y sexo. 2015 excluido por cobertura incompleta."
"POP-TOTAL","Poblacion total","persons","19","Nuevo León","total","2020","5784442","official","INEGI Banco de Indicadores API v2.0","https://www.inegi.org.mx/app/api/indicadores/desarrolladores/jsonxml","2026-08-02","Consulta API validada; periodo censal comparable por entidad y sexo. 2015 excluido por cobertura incompleta."
"POP-FEMALE","Poblacion de mujeres","persons","20","Oaxaca","female","1995","1646485","official","INEGI Banco de Indicadores API v2.0","https://www.inegi.org.mx/app/api/indicadores/desarrolladores/jsonxml","2026-08-02","Consulta API validada; periodo censal comparable por entidad y sexo. 2015 excluido por cobertura incompleta."
"POP-MALE","Poblacion de hombres","persons","20","Oaxaca","male","1995","1582410","official","INEGI Banco de Indicadores API v2.0","https://www.inegi.org.mx/app/api/indicadores/desarrolladores/jsonxml","2026-08-02","Consulta API validada; periodo censal comparable por entidad y sexo. 2015 excluido por cobertura incompleta."
"POP-TOTAL","Poblacion total","persons","20","Oaxaca","total","1995","3228895","official","INEGI Banco de Indicadores API v2.0","https://www.inegi.org.mx/app/api/indicadores/desarrolladores/jsonxml","2026-08-02","Consulta API validada; periodo censal comparable por entidad y sexo. 2015 excluido por cobertura incompleta."
"POP-FEMALE","Poblacion de mujeres","persons","20","Oaxaca","female","2000","1781359","official","INEGI Banco de Indicadores API v2.0","https://www.inegi.org.mx/app/api/indicadores/desarrolladores/jsonxml","2026-08-02","Consulta API validada; periodo censal comparable por entidad y sexo. 2015 excluido por cobertura incompleta."
"POP-MALE","Poblacion de hombres","persons","20","Oaxaca","male","2000","1657406","official","INEGI Banco de Indicadores API v2.0","https://www.inegi.org.mx/app/api/indicadores/desarrolladores/jsonxml","2026-08-02","Consulta API validada; periodo censal comparable por entidad y sexo. 2015 excluido por cobertura incompleta."
"POP-TOTAL","Poblacion total","persons","20","Oaxaca","total","2000","3438765","official","INEGI Banco de Indicadores API v2.0","https://www.inegi.org.mx/app/api/indicadores/desarrolladores/jsonxml","2026-08-02","Consulta API validada; periodo censal comparable por entidad y sexo. 2015 excluido por cobertura incompleta."
"POP-FEMALE","Poblacion de mujeres","persons","20","Oaxaca","female","2005","1831966","official","INEGI Banco de Indicadores API v2.0","https://www.inegi.org.mx/app/api/indicadores/desarrolladores/jsonxml","2026-08-02","Consulta API validada; periodo censal comparable por entidad y sexo. 2015 excluido por cobertura incompleta."
"POP-MALE","Poblacion de hombres","persons","20","Oaxaca","male","2005","1674855","official","INEGI Banco de Indicadores API v2.0","https://www.inegi.org.mx/app/api/indicadores/desarrolladores/jsonxml","2026-08-02","Consulta API validada; periodo censal comparable por entidad y sexo. 2015 excluido por cobertura incompleta."
"POP-TOTAL","Poblacion total","persons","20","Oaxaca","total","2005","3506821","official","INEGI Banco de Indicadores API v2.0","https://www.inegi.org.mx/app/api/indicadores/desarrolladores/jsonxml","2026-08-02","Consulta API validada; periodo censal comparable por entidad y sexo. 2015 excluido por cobertura incompleta."
"POP-FEMALE","Poblacion de mujeres","persons","20","Oaxaca","female","2010","1982954","official","INEGI Banco de Indicadores API v2.0","https://www.inegi.org.mx/app/api/indicadores/desarrolladores/jsonxml","2026-08-02","Consulta API validada; periodo censal comparable por entidad y sexo. 2015 excluido por cobertura incompleta."
"POP-MALE","Poblacion de hombres","persons","20","Oaxaca","male","2010","1819008","official","INEGI Banco de Indicadores API v2.0","https://www.inegi.org.mx/app/api/indicadores/desarrolladores/jsonxml","2026-08-02","Consulta API validada; periodo censal comparable por entidad y sexo. 2015 excluido por cobertura incompleta."
"POP-TOTAL","Poblacion total","persons","20","Oaxaca","total","2010","3801962","official","INEGI Banco de Indicadores API v2.0","https://www.inegi.org.mx/app/api/indicadores/desarrolladores/jsonxml","2026-08-02","Consulta API validada; periodo censal comparable por entidad y sexo. 2015 excluido por cobertura incompleta."
"POP-FEMALE","Poblacion de mujeres","persons","20","Oaxaca","female","2020","2157305","official","INEGI Banco de Indicadores API v2.0","https://www.inegi.org.mx/app/api/indicadores/desarrolladores/jsonxml","2026-08-02","Consulta API validada; periodo censal comparable por entidad y sexo. 2015 excluido por cobertura incompleta."
"POP-MALE","Poblacion de hombres","persons","20","Oaxaca","male","2020","1974843","official","INEGI Banco de Indicadores API v2.0","https://www.inegi.org.mx/app/api/indicadores/desarrolladores/jsonxml","2026-08-02","Consulta API validada; periodo censal comparable por entidad y sexo. 2015 excluido por cobertura incompleta."
"POP-TOTAL","Poblacion total","persons","20","Oaxaca","total","2020","4132148","official","INEGI Banco de Indicadores API v2.0","https://www.inegi.org.mx/app/api/indicadores/desarrolladores/jsonxml","2026-08-02","Consulta API validada; periodo censal comparable por entidad y sexo. 2015 excluido por cobertura incompleta."
"POP-FEMALE","Poblacion de mujeres","persons","21","Puebla","female","1995","2370889","official","INEGI Banco de Indicadores API v2.0","https://www.inegi.org.mx/app/api/indicadores/desarrolladores/jsonxml","2026-08-02","Consulta API validada; periodo censal comparable por entidad y sexo. 2015 excluido por cobertura incompleta."
"POP-MALE","Poblacion de hombres","persons","21","Puebla","male","1995","2253476","official","INEGI Banco de Indicadores API v2.0","https://www.inegi.org.mx/app/api/indicadores/desarrolladores/jsonxml","2026-08-02","Consulta API validada; periodo censal comparable por entidad y sexo. 2015 excluido por cobertura incompleta."
"POP-TOTAL","Poblacion total","persons","21","Puebla","total","1995","4624365","official","INEGI Banco de Indicadores API v2.0","https://www.inegi.org.mx/app/api/indicadores/desarrolladores/jsonxml","2026-08-02","Consulta API validada; periodo censal comparable por entidad y sexo. 2015 excluido por cobertura incompleta."
"POP-FEMALE","Poblacion de mujeres","persons","21","Puebla","female","2000","2627885","official","INEGI Banco de Indicadores API v2.0","https://www.inegi.org.mx/app/api/indicadores/desarrolladores/jsonxml","2026-08-02","Consulta API validada; periodo censal comparable por entidad y sexo. 2015 excluido por cobertura incompleta."
"POP-MALE","Poblacion de hombres","persons","21","Puebla","male","2000","2448801","official","INEGI Banco de Indicadores API v2.0","https://www.inegi.org.mx/app/api/indicadores/desarrolladores/jsonxml","2026-08-02","Consulta API validada; periodo censal comparable por entidad y sexo. 2015 excluido por cobertura incompleta."
"POP-TOTAL","Poblacion total","persons","21","Puebla","total","2000","5076686","official","INEGI Banco de Indicadores API v2.0","https://www.inegi.org.mx/app/api/indicadores/desarrolladores/jsonxml","2026-08-02","Consulta API validada; periodo censal comparable por entidad y sexo. 2015 excluido por cobertura incompleta."
"POP-FEMALE","Poblacion de mujeres","persons","21","Puebla","female","2005","2804469","official","INEGI Banco de Indicadores API v2.0","https://www.inegi.org.mx/app/api/indicadores/desarrolladores/jsonxml","2026-08-02","Consulta API validada; periodo censal comparable por entidad y sexo. 2015 excluido por cobertura incompleta."
"POP-MALE","Poblacion de hombres","persons","21","Puebla","male","2005","2578664","official","INEGI Banco de Indicadores API v2.0","https://www.inegi.org.mx/app/api/indicadores/desarrolladores/jsonxml","2026-08-02","Consulta API validada; periodo censal comparable por entidad y sexo. 2015 excluido por cobertura incompleta."
"POP-TOTAL","Poblacion total","persons","21","Puebla","total","2005","5383133","official","INEGI Banco de Indicadores API v2.0","https://www.inegi.org.mx/app/api/indicadores/desarrolladores/jsonxml","2026-08-02","Consulta API validada; periodo censal comparable por entidad y sexo. 2015 excluido por cobertura incompleta."
"POP-FEMALE","Poblacion de mujeres","persons","21","Puebla","female","2010","3009974","official","INEGI Banco de Indicadores API v2.0","https://www.inegi.org.mx/app/api/indicadores/desarrolladores/jsonxml","2026-08-02","Consulta API validada; periodo censal comparable por entidad y sexo. 2015 excluido por cobertura incompleta."
"POP-MALE","Poblacion de hombres","persons","21","Puebla","male","2010","2769855","official","INEGI Banco de Indicadores API v2.0","https://www.inegi.org.mx/app/api/indicadores/desarrolladores/jsonxml","2026-08-02","Consulta API validada; periodo censal comparable por entidad y sexo. 2015 excluido por cobertura incompleta."
"POP-TOTAL","Poblacion total","persons","21","Puebla","total","2010","5779829","official","INEGI Banco de Indicadores API v2.0","https://www.inegi.org.mx/app/api/indicadores/desarrolladores/jsonxml","2026-08-02","Consulta API validada; periodo censal comparable por entidad y sexo. 2015 excluido por cobertura incompleta."
"POP-FEMALE","Poblacion de mujeres","persons","21","Puebla","female","2020","3423163","official","INEGI Banco de Indicadores API v2.0","https://www.inegi.org.mx/app/api/indicadores/desarrolladores/jsonxml","2026-08-02","Consulta API validada; periodo censal comparable por entidad y sexo. 2015 excluido por cobertura incompleta."
"POP-MALE","Poblacion de hombres","persons","21","Puebla","male","2020","3160115","official","INEGI Banco de Indicadores API v2.0","https://www.inegi.org.mx/app/api/indicadores/desarrolladores/jsonxml","2026-08-02","Consulta API validada; periodo censal comparable por entidad y sexo. 2015 excluido por cobertura incompleta."
"POP-TOTAL","Poblacion total","persons","21","Puebla","total","2020","6583278","official","INEGI Banco de Indicadores API v2.0","https://www.inegi.org.mx/app/api/indicadores/desarrolladores/jsonxml","2026-08-02","Consulta API validada; periodo censal comparable por entidad y sexo. 2015 excluido por cobertura incompleta."
"POP-FEMALE","Poblacion de mujeres","persons","22","Querétaro","female","1995","634992","official","INEGI Banco de Indicadores API v2.0","https://www.inegi.org.mx/app/api/indicadores/desarrolladores/jsonxml","2026-08-02","Consulta API validada; periodo censal comparable por entidad y sexo. 2015 excluido por cobertura incompleta."
"POP-MALE","Poblacion de hombres","persons","22","Querétaro","male","1995","615484","official","INEGI Banco de Indicadores API v2.0","https://www.inegi.org.mx/app/api/indicadores/desarrolladores/jsonxml","2026-08-02","Consulta API validada; periodo censal comparable por entidad y sexo. 2015 excluido por cobertura incompleta."
"POP-TOTAL","Poblacion total","persons","22","Querétaro","total","1995","1250476","official","INEGI Banco de Indicadores API v2.0","https://www.inegi.org.mx/app/api/indicadores/desarrolladores/jsonxml","2026-08-02","Consulta API validada; periodo censal comparable por entidad y sexo. 2015 excluido por cobertura incompleta."
"POP-FEMALE","Poblacion de mujeres","persons","22","Querétaro","female","2000","723340","official","INEGI Banco de Indicadores API v2.0","https://www.inegi.org.mx/app/api/indicadores/desarrolladores/jsonxml","2026-08-02","Consulta API validada; periodo censal comparable por entidad y sexo. 2015 excluido por cobertura incompleta."
"POP-MALE","Poblacion de hombres","persons","22","Querétaro","male","2000","680966","official","INEGI Banco de Indicadores API v2.0","https://www.inegi.org.mx/app/api/indicadores/desarrolladores/jsonxml","2026-08-02","Consulta API validada; periodo censal comparable por entidad y sexo. 2015 excluido por cobertura incompleta."
"POP-TOTAL","Poblacion total","persons","22","Querétaro","total","2000","1404306","official","INEGI Banco de Indicadores API v2.0","https://www.inegi.org.mx/app/api/indicadores/desarrolladores/jsonxml","2026-08-02","Consulta API validada; periodo censal comparable por entidad y sexo. 2015 excluido por cobertura incompleta."
"POP-FEMALE","Poblacion de mujeres","persons","22","Querétaro","female","2005","825380","official","INEGI Banco de Indicadores API v2.0","https://www.inegi.org.mx/app/api/indicadores/desarrolladores/jsonxml","2026-08-02","Consulta API validada; periodo censal comparable por entidad y sexo. 2015 excluido por cobertura incompleta."
"POP-MALE","Poblacion de hombres","persons","22","Querétaro","male","2005","772759","official","INEGI Banco de Indicadores API v2.0","https://www.inegi.org.mx/app/api/indicadores/desarrolladores/jsonxml","2026-08-02","Consulta API validada; periodo censal comparable por entidad y sexo. 2015 excluido por cobertura incompleta."
"POP-TOTAL","Poblacion total","persons","22","Querétaro","total","2005","1598139","official","INEGI Banco de Indicadores API v2.0","https://www.inegi.org.mx/app/api/indicadores/desarrolladores/jsonxml","2026-08-02","Consulta API validada; periodo censal comparable por entidad y sexo. 2015 excluido por cobertura incompleta."
"POP-FEMALE","Poblacion de mujeres","persons","22","Querétaro","female","2010","940749","official","INEGI Banco de Indicadores API v2.0","https://www.inegi.org.mx/app/api/indicadores/desarrolladores/jsonxml","2026-08-02","Consulta API validada; periodo censal comparable por entidad y sexo. 2015 excluido por cobertura incompleta."
"POP-MALE","Poblacion de hombres","persons","22","Querétaro","male","2010","887188","official","INEGI Banco de Indicadores API v2.0","https://www.inegi.org.mx/app/api/indicadores/desarrolladores/jsonxml","2026-08-02","Consulta API validada; periodo censal comparable por entidad y sexo. 2015 excluido por cobertura incompleta."
"POP-TOTAL","Poblacion total","persons","22","Querétaro","total","2010","1827937","official","INEGI Banco de Indicadores API v2.0","https://www.inegi.org.mx/app/api/indicadores/desarrolladores/jsonxml","2026-08-02","Consulta API validada; periodo censal comparable por entidad y sexo. 2015 excluido por cobertura incompleta."
"POP-FEMALE","Poblacion de mujeres","persons","22","Querétaro","female","2020","1211647","official","INEGI Banco de Indicadores API v2.0","https://www.inegi.org.mx/app/api/indicadores/desarrolladores/jsonxml","2026-08-02","Consulta API validada; periodo censal comparable por entidad y sexo. 2015 excluido por cobertura incompleta."
"POP-MALE","Poblacion de hombres","persons","22","Querétaro","male","2020","1156820","official","INEGI Banco de Indicadores API v2.0","https://www.inegi.org.mx/app/api/indicadores/desarrolladores/jsonxml","2026-08-02","Consulta API validada; periodo censal comparable por entidad y sexo. 2015 excluido por cobertura incompleta."
"POP-TOTAL","Poblacion total","persons","22","Querétaro","total","2020","2368467","official","INEGI Banco de Indicadores API v2.0","https://www.inegi.org.mx/app/api/indicadores/desarrolladores/jsonxml","2026-08-02","Consulta API validada; periodo censal comparable por entidad y sexo. 2015 excluido por cobertura incompleta."
"POP-FEMALE","Poblacion de mujeres","persons","23","Quintana Roo","female","1995","342077","official","INEGI Banco de Indicadores API v2.0","https://www.inegi.org.mx/app/api/indicadores/desarrolladores/jsonxml","2026-08-02","Consulta API validada; periodo censal comparable por entidad y sexo. 2015 excluido por cobertura incompleta."
"POP-MALE","Poblacion de hombres","persons","23","Quintana Roo","male","1995","361459","official","INEGI Banco de Indicadores API v2.0","https://www.inegi.org.mx/app/api/indicadores/desarrolladores/jsonxml","2026-08-02","Consulta API validada; periodo censal comparable por entidad y sexo. 2015 excluido por cobertura incompleta."
"POP-TOTAL","Poblacion total","persons","23","Quintana Roo","total","1995","703536","official","INEGI Banco de Indicadores API v2.0","https://www.inegi.org.mx/app/api/indicadores/desarrolladores/jsonxml","2026-08-02","Consulta API validada; periodo censal comparable por entidad y sexo. 2015 excluido por cobertura incompleta."
"POP-FEMALE","Poblacion de mujeres","persons","23","Quintana Roo","female","2000","426655","official","INEGI Banco de Indicadores API v2.0","https://www.inegi.org.mx/app/api/indicadores/desarrolladores/jsonxml","2026-08-02","Consulta API validada; periodo censal comparable por entidad y sexo. 2015 excluido por cobertura incompleta."
"POP-MALE","Poblacion de hombres","persons","23","Quintana Roo","male","2000","448308","official","INEGI Banco de Indicadores API v2.0","https://www.inegi.org.mx/app/api/indicadores/desarrolladores/jsonxml","2026-08-02","Consulta API validada; periodo censal comparable por entidad y sexo. 2015 excluido por cobertura incompleta."
"POP-TOTAL","Poblacion total","persons","23","Quintana Roo","total","2000","874963","official","INEGI Banco de Indicadores API v2.0","https://www.inegi.org.mx/app/api/indicadores/desarrolladores/jsonxml","2026-08-02","Consulta API validada; periodo censal comparable por entidad y sexo. 2015 excluido por cobertura incompleta."
"POP-FEMALE","Poblacion de mujeres","persons","23","Quintana Roo","female","2005","560472","official","INEGI Banco de Indicadores API v2.0","https://www.inegi.org.mx/app/api/indicadores/desarrolladores/jsonxml","2026-08-02","Consulta API validada; periodo censal comparable por entidad y sexo. 2015 excluido por cobertura incompleta."
"POP-MALE","Poblacion de hombres","persons","23","Quintana Roo","male","2005","574837","official","INEGI Banco de Indicadores API v2.0","https://www.inegi.org.mx/app/api/indicadores/desarrolladores/jsonxml","2026-08-02","Consulta API validada; periodo censal comparable por entidad y sexo. 2015 excluido por cobertura incompleta."
"POP-TOTAL","Poblacion total","persons","23","Quintana Roo","total","2005","1135309","official","INEGI Banco de Indicadores API v2.0","https://www.inegi.org.mx/app/api/indicadores/desarrolladores/jsonxml","2026-08-02","Consulta API validada; periodo censal comparable por entidad y sexo. 2015 excluido por cobertura incompleta."
"POP-FEMALE","Poblacion de mujeres","persons","23","Quintana Roo","female","2010","652358","official","INEGI Banco de Indicadores API v2.0","https://www.inegi.org.mx/app/api/indicadores/desarrolladores/jsonxml","2026-08-02","Consulta API validada; periodo censal comparable por entidad y sexo. 2015 excluido por cobertura incompleta."
"POP-MALE","Poblacion de hombres","persons","23","Quintana Roo","male","2010","673220","official","INEGI Banco de Indicadores API v2.0","https://www.inegi.org.mx/app/api/indicadores/desarrolladores/jsonxml","2026-08-02","Consulta API validada; periodo censal comparable por entidad y sexo. 2015 excluido por cobertura incompleta."
"POP-TOTAL","Poblacion total","persons","23","Quintana Roo","total","2010","1325578","official","INEGI Banco de Indicadores API v2.0","https://www.inegi.org.mx/app/api/indicadores/desarrolladores/jsonxml","2026-08-02","Consulta API validada; periodo censal comparable por entidad y sexo. 2015 excluido por cobertura incompleta."
"POP-FEMALE","Poblacion de mujeres","persons","23","Quintana Roo","female","2020","921206","official","INEGI Banco de Indicadores API v2.0","https://www.inegi.org.mx/app/api/indicadores/desarrolladores/jsonxml","2026-08-02","Consulta API validada; periodo censal comparable por entidad y sexo. 2015 excluido por cobertura incompleta."
"POP-MALE","Poblacion de hombres","persons","23","Quintana Roo","male","2020","936779","official","INEGI Banco de Indicadores API v2.0","https://www.inegi.org.mx/app/api/indicadores/desarrolladores/jsonxml","2026-08-02","Consulta API validada; periodo censal comparable por entidad y sexo. 2015 excluido por cobertura incompleta."
"POP-TOTAL","Poblacion total","persons","23","Quintana Roo","total","2020","1857985","official","INEGI Banco de Indicadores API v2.0","https://www.inegi.org.mx/app/api/indicadores/desarrolladores/jsonxml","2026-08-02","Consulta API validada; periodo censal comparable por entidad y sexo. 2015 excluido por cobertura incompleta."
"POP-FEMALE","Poblacion de mujeres","persons","24","San Luis Potosí","female","1995","1113263","official","INEGI Banco de Indicadores API v2.0","https://www.inegi.org.mx/app/api/indicadores/desarrolladores/jsonxml","2026-08-02","Consulta API validada; periodo censal comparable por entidad y sexo. 2015 excluido por cobertura incompleta."
"POP-MALE","Poblacion de hombres","persons","24","San Luis Potosí","male","1995","1087500","official","INEGI Banco de Indicadores API v2.0","https://www.inegi.org.mx/app/api/indicadores/desarrolladores/jsonxml","2026-08-02","Consulta API validada; periodo censal comparable por entidad y sexo. 2015 excluido por cobertura incompleta."
"POP-TOTAL","Poblacion total","persons","24","San Luis Potosí","total","1995","2200763","official","INEGI Banco de Indicadores API v2.0","https://www.inegi.org.mx/app/api/indicadores/desarrolladores/jsonxml","2026-08-02","Consulta API validada; periodo censal comparable por entidad y sexo. 2015 excluido por cobertura incompleta."
"POP-FEMALE","Poblacion de mujeres","persons","24","San Luis Potosí","female","2000","1178523","official","INEGI Banco de Indicadores API v2.0","https://www.inegi.org.mx/app/api/indicadores/desarrolladores/jsonxml","2026-08-02","Consulta API validada; periodo censal comparable por entidad y sexo. 2015 excluido por cobertura incompleta."
"POP-MALE","Poblacion de hombres","persons","24","San Luis Potosí","male","2000","1120837","official","INEGI Banco de Indicadores API v2.0","https://www.inegi.org.mx/app/api/indicadores/desarrolladores/jsonxml","2026-08-02","Consulta API validada; periodo censal comparable por entidad y sexo. 2015 excluido por cobertura incompleta."
"POP-TOTAL","Poblacion total","persons","24","San Luis Potosí","total","2000","2299360","official","INEGI Banco de Indicadores API v2.0","https://www.inegi.org.mx/app/api/indicadores/desarrolladores/jsonxml","2026-08-02","Consulta API validada; periodo censal comparable por entidad y sexo. 2015 excluido por cobertura incompleta."
"POP-FEMALE","Poblacion de mujeres","persons","24","San Luis Potosí","female","2005","1243106","official","INEGI Banco de Indicadores API v2.0","https://www.inegi.org.mx/app/api/indicadores/desarrolladores/jsonxml","2026-08-02","Consulta API validada; periodo censal comparable por entidad y sexo. 2015 excluido por cobertura incompleta."
"POP-MALE","Poblacion de hombres","persons","24","San Luis Potosí","male","2005","1167308","official","INEGI Banco de Indicadores API v2.0","https://www.inegi.org.mx/app/api/indicadores/desarrolladores/jsonxml","2026-08-02","Consulta API validada; periodo censal comparable por entidad y sexo. 2015 excluido por cobertura incompleta."
"POP-TOTAL","Poblacion total","persons","24","San Luis Potosí","total","2005","2410414","official","INEGI Banco de Indicadores API v2.0","https://www.inegi.org.mx/app/api/indicadores/desarrolladores/jsonxml","2026-08-02","Consulta API validada; periodo censal comparable por entidad y sexo. 2015 excluido por cobertura incompleta."
"POP-FEMALE","Poblacion de mujeres","persons","24","San Luis Potosí","female","2010","1325152","official","INEGI Banco de Indicadores API v2.0","https://www.inegi.org.mx/app/api/indicadores/desarrolladores/jsonxml","2026-08-02","Consulta API validada; periodo censal comparable por entidad y sexo. 2015 excluido por cobertura incompleta."
"POP-MALE","Poblacion de hombres","persons","24","San Luis Potosí","male","2010","1260366","official","INEGI Banco de Indicadores API v2.0","https://www.inegi.org.mx/app/api/indicadores/desarrolladores/jsonxml","2026-08-02","Consulta API validada; periodo censal comparable por entidad y sexo. 2015 excluido por cobertura incompleta."
"POP-TOTAL","Poblacion total","persons","24","San Luis Potosí","total","2010","2585518","official","INEGI Banco de Indicadores API v2.0","https://www.inegi.org.mx/app/api/indicadores/desarrolladores/jsonxml","2026-08-02","Consulta API validada; periodo censal comparable por entidad y sexo. 2015 excluido por cobertura incompleta."
"POP-FEMALE","Poblacion de mujeres","persons","24","San Luis Potosí","female","2020","1449804","official","INEGI Banco de Indicadores API v2.0","https://www.inegi.org.mx/app/api/indicadores/desarrolladores/jsonxml","2026-08-02","Consulta API validada; periodo censal comparable por entidad y sexo. 2015 excluido por cobertura incompleta."
"POP-MALE","Poblacion de hombres","persons","24","San Luis Potosí","male","2020","1372451","official","INEGI Banco de Indicadores API v2.0","https://www.inegi.org.mx/app/api/indicadores/desarrolladores/jsonxml","2026-08-02","Consulta API validada; periodo censal comparable por entidad y sexo. 2015 excluido por cobertura incompleta."
"POP-TOTAL","Poblacion total","persons","24","San Luis Potosí","total","2020","2822255","official","INEGI Banco de Indicadores API v2.0","https://www.inegi.org.mx/app/api/indicadores/desarrolladores/jsonxml","2026-08-02","Consulta API validada; periodo censal comparable por entidad y sexo. 2015 excluido por cobertura incompleta."
"POP-FEMALE","Poblacion de mujeres","persons","25","Sinaloa","female","1995","1209260","official","INEGI Banco de Indicadores API v2.0","https://www.inegi.org.mx/app/api/indicadores/desarrolladores/jsonxml","2026-08-02","Consulta API validada; periodo censal comparable por entidad y sexo. 2015 excluido por cobertura incompleta."
"POP-MALE","Poblacion de hombres","persons","25","Sinaloa","male","1995","1216415","official","INEGI Banco de Indicadores API v2.0","https://www.inegi.org.mx/app/api/indicadores/desarrolladores/jsonxml","2026-08-02","Consulta API validada; periodo censal comparable por entidad y sexo. 2015 excluido por cobertura incompleta."
"POP-TOTAL","Poblacion total","persons","25","Sinaloa","total","1995","2425675","official","INEGI Banco de Indicadores API v2.0","https://www.inegi.org.mx/app/api/indicadores/desarrolladores/jsonxml","2026-08-02","Consulta API validada; periodo censal comparable por entidad y sexo. 2015 excluido por cobertura incompleta."
"POP-FEMALE","Poblacion de mujeres","persons","25","Sinaloa","female","2000","1272701","official","INEGI Banco de Indicadores API v2.0","https://www.inegi.org.mx/app/api/indicadores/desarrolladores/jsonxml","2026-08-02","Consulta API validada; periodo censal comparable por entidad y sexo. 2015 excluido por cobertura incompleta."
"POP-MALE","Poblacion de hombres","persons","25","Sinaloa","male","2000","1264143","official","INEGI Banco de Indicadores API v2.0","https://www.inegi.org.mx/app/api/indicadores/desarrolladores/jsonxml","2026-08-02","Consulta API validada; periodo censal comparable por entidad y sexo. 2015 excluido por cobertura incompleta."
"POP-TOTAL","Poblacion total","persons","25","Sinaloa","total","2000","2536844","official","INEGI Banco de Indicadores API v2.0","https://www.inegi.org.mx/app/api/indicadores/desarrolladores/jsonxml","2026-08-02","Consulta API validada; periodo censal comparable por entidad y sexo. 2015 excluido por cobertura incompleta."
"POP-FEMALE","Poblacion de mujeres","persons","25","Sinaloa","female","2005","1313825","official","INEGI Banco de Indicadores API v2.0","https://www.inegi.org.mx/app/api/indicadores/desarrolladores/jsonxml","2026-08-02","Consulta API validada; periodo censal comparable por entidad y sexo. 2015 excluido por cobertura incompleta."
"POP-MALE","Poblacion de hombres","persons","25","Sinaloa","male","2005","1294617","official","INEGI Banco de Indicadores API v2.0","https://www.inegi.org.mx/app/api/indicadores/desarrolladores/jsonxml","2026-08-02","Consulta API validada; periodo censal comparable por entidad y sexo. 2015 excluido por cobertura incompleta."
"POP-TOTAL","Poblacion total","persons","25","Sinaloa","total","2005","2608442","official","INEGI Banco de Indicadores API v2.0","https://www.inegi.org.mx/app/api/indicadores/desarrolladores/jsonxml","2026-08-02","Consulta API validada; periodo censal comparable por entidad y sexo. 2015 excluido por cobertura incompleta."
"POP-FEMALE","Poblacion de mujeres","persons","25","Sinaloa","female","2010","1391560","official","INEGI Banco de Indicadores API v2.0","https://www.inegi.org.mx/app/api/indicadores/desarrolladores/jsonxml","2026-08-02","Consulta API validada; periodo censal comparable por entidad y sexo. 2015 excluido por cobertura incompleta."
"POP-MALE","Poblacion de hombres","persons","25","Sinaloa","male","2010","1376201","official","INEGI Banco de Indicadores API v2.0","https://www.inegi.org.mx/app/api/indicadores/desarrolladores/jsonxml","2026-08-02","Consulta API validada; periodo censal comparable por entidad y sexo. 2015 excluido por cobertura incompleta."
"POP-TOTAL","Poblacion total","persons","25","Sinaloa","total","2010","2767761","official","INEGI Banco de Indicadores API v2.0","https://www.inegi.org.mx/app/api/indicadores/desarrolladores/jsonxml","2026-08-02","Consulta API validada; periodo censal comparable por entidad y sexo. 2015 excluido por cobertura incompleta."
"POP-FEMALE","Poblacion de mujeres","persons","25","Sinaloa","female","2020","1532128","official","INEGI Banco de Indicadores API v2.0","https://www.inegi.org.mx/app/api/indicadores/desarrolladores/jsonxml","2026-08-02","Consulta API validada; periodo censal comparable por entidad y sexo. 2015 excluido por cobertura incompleta."
"POP-MALE","Poblacion de hombres","persons","25","Sinaloa","male","2020","1494815","official","INEGI Banco de Indicadores API v2.0","https://www.inegi.org.mx/app/api/indicadores/desarrolladores/jsonxml","2026-08-02","Consulta API validada; periodo censal comparable por entidad y sexo. 2015 excluido por cobertura incompleta."
"POP-TOTAL","Poblacion total","persons","25","Sinaloa","total","2020","3026943","official","INEGI Banco de Indicadores API v2.0","https://www.inegi.org.mx/app/api/indicadores/desarrolladores/jsonxml","2026-08-02","Consulta API validada; periodo censal comparable por entidad y sexo. 2015 excluido por cobertura incompleta."
"POP-FEMALE","Poblacion de mujeres","persons","26","Sonora","female","1995","1036603","official","INEGI Banco de Indicadores API v2.0","https://www.inegi.org.mx/app/api/indicadores/desarrolladores/jsonxml","2026-08-02","Consulta API validada; periodo censal comparable por entidad y sexo. 2015 excluido por cobertura incompleta."
"POP-MALE","Poblacion de hombres","persons","26","Sonora","male","1995","1048933","official","INEGI Banco de Indicadores API v2.0","https://www.inegi.org.mx/app/api/indicadores/desarrolladores/jsonxml","2026-08-02","Consulta API validada; periodo censal comparable por entidad y sexo. 2015 excluido por cobertura incompleta."
"POP-TOTAL","Poblacion total","persons","26","Sonora","total","1995","2085536","official","INEGI Banco de Indicadores API v2.0","https://www.inegi.org.mx/app/api/indicadores/desarrolladores/jsonxml","2026-08-02","Consulta API validada; periodo censal comparable por entidad y sexo. 2015 excluido por cobertura incompleta."
"POP-FEMALE","Poblacion de mujeres","persons","26","Sonora","female","2000","1106379","official","INEGI Banco de Indicadores API v2.0","https://www.inegi.org.mx/app/api/indicadores/desarrolladores/jsonxml","2026-08-02","Consulta API validada; periodo censal comparable por entidad y sexo. 2015 excluido por cobertura incompleta."
"POP-MALE","Poblacion de hombres","persons","26","Sonora","male","2000","1110590","official","INEGI Banco de Indicadores API v2.0","https://www.inegi.org.mx/app/api/indicadores/desarrolladores/jsonxml","2026-08-02","Consulta API validada; periodo censal comparable por entidad y sexo. 2015 excluido por cobertura incompleta."
"POP-TOTAL","Poblacion total","persons","26","Sonora","total","2000","2216969","official","INEGI Banco de Indicadores API v2.0","https://www.inegi.org.mx/app/api/indicadores/desarrolladores/jsonxml","2026-08-02","Consulta API validada; periodo censal comparable por entidad y sexo. 2015 excluido por cobertura incompleta."
"POP-FEMALE","Poblacion de mujeres","persons","26","Sonora","female","2005","1196707","official","INEGI Banco de Indicadores API v2.0","https://www.inegi.org.mx/app/api/indicadores/desarrolladores/jsonxml","2026-08-02","Consulta API validada; periodo censal comparable por entidad y sexo. 2015 excluido por cobertura incompleta."
"POP-MALE","Poblacion de hombres","persons","26","Sonora","male","2005","1198154","official","INEGI Banco de Indicadores API v2.0","https://www.inegi.org.mx/app/api/indicadores/desarrolladores/jsonxml","2026-08-02","Consulta API validada; periodo censal comparable por entidad y sexo. 2015 excluido por cobertura incompleta."
"POP-TOTAL","Poblacion total","persons","26","Sonora","total","2005","2394861","official","INEGI Banco de Indicadores API v2.0","https://www.inegi.org.mx/app/api/indicadores/desarrolladores/jsonxml","2026-08-02","Consulta API validada; periodo censal comparable por entidad y sexo. 2015 excluido por cobertura incompleta."
"POP-FEMALE","Poblacion de mujeres","persons","26","Sonora","female","2010","1322868","official","INEGI Banco de Indicadores API v2.0","https://www.inegi.org.mx/app/api/indicadores/desarrolladores/jsonxml","2026-08-02","Consulta API validada; periodo censal comparable por entidad y sexo. 2015 excluido por cobertura incompleta."
"POP-MALE","Poblacion de hombres","persons","26","Sonora","male","2010","1339612","official","INEGI Banco de Indicadores API v2.0","https://www.inegi.org.mx/app/api/indicadores/desarrolladores/jsonxml","2026-08-02","Consulta API validada; periodo censal comparable por entidad y sexo. 2015 excluido por cobertura incompleta."
"POP-TOTAL","Poblacion total","persons","26","Sonora","total","2010","2662480","official","INEGI Banco de Indicadores API v2.0","https://www.inegi.org.mx/app/api/indicadores/desarrolladores/jsonxml","2026-08-02","Consulta API validada; periodo censal comparable por entidad y sexo. 2015 excluido por cobertura incompleta."
"POP-FEMALE","Poblacion de mujeres","persons","26","Sonora","female","2020","1472643","official","INEGI Banco de Indicadores API v2.0","https://www.inegi.org.mx/app/api/indicadores/desarrolladores/jsonxml","2026-08-02","Consulta API validada; periodo censal comparable por entidad y sexo. 2015 excluido por cobertura incompleta."
"POP-MALE","Poblacion de hombres","persons","26","Sonora","male","2020","1472197","official","INEGI Banco de Indicadores API v2.0","https://www.inegi.org.mx/app/api/indicadores/desarrolladores/jsonxml","2026-08-02","Consulta API validada; periodo censal comparable por entidad y sexo. 2015 excluido por cobertura incompleta."
"POP-TOTAL","Poblacion total","persons","26","Sonora","total","2020","2944840","official","INEGI Banco de Indicadores API v2.0","https://www.inegi.org.mx/app/api/indicadores/desarrolladores/jsonxml","2026-08-02","Consulta API validada; periodo censal comparable por entidad y sexo. 2015 excluido por cobertura incompleta."
"POP-FEMALE","Poblacion de mujeres","persons","27","Tabasco","female","1995","876526","official","INEGI Banco de Indicadores API v2.0","https://www.inegi.org.mx/app/api/indicadores/desarrolladores/jsonxml","2026-08-02","Consulta API validada; periodo censal comparable por entidad y sexo. 2015 excluido por cobertura incompleta."
"POP-MALE","Poblacion de hombres","persons","27","Tabasco","male","1995","872243","official","INEGI Banco de Indicadores API v2.0","https://www.inegi.org.mx/app/api/indicadores/desarrolladores/jsonxml","2026-08-02","Consulta API validada; periodo censal comparable por entidad y sexo. 2015 excluido por cobertura incompleta."
"POP-TOTAL","Poblacion total","persons","27","Tabasco","total","1995","1748769","official","INEGI Banco de Indicadores API v2.0","https://www.inegi.org.mx/app/api/indicadores/desarrolladores/jsonxml","2026-08-02","Consulta API validada; periodo censal comparable por entidad y sexo. 2015 excluido por cobertura incompleta."
"POP-FEMALE","Poblacion de mujeres","persons","27","Tabasco","female","2000","957314","official","INEGI Banco de Indicadores API v2.0","https://www.inegi.org.mx/app/api/indicadores/desarrolladores/jsonxml","2026-08-02","Consulta API validada; periodo censal comparable por entidad y sexo. 2015 excluido por cobertura incompleta."
"POP-MALE","Poblacion de hombres","persons","27","Tabasco","male","2000","934515","official","INEGI Banco de Indicadores API v2.0","https://www.inegi.org.mx/app/api/indicadores/desarrolladores/jsonxml","2026-08-02","Consulta API validada; periodo censal comparable por entidad y sexo. 2015 excluido por cobertura incompleta."
"POP-TOTAL","Poblacion total","persons","27","Tabasco","total","2000","1891829","official","INEGI Banco de Indicadores API v2.0","https://www.inegi.org.mx/app/api/indicadores/desarrolladores/jsonxml","2026-08-02","Consulta API validada; periodo censal comparable por entidad y sexo. 2015 excluido por cobertura incompleta."
"POP-FEMALE","Poblacion de mujeres","persons","27","Tabasco","female","2005","1012184","official","INEGI Banco de Indicadores API v2.0","https://www.inegi.org.mx/app/api/indicadores/desarrolladores/jsonxml","2026-08-02","Consulta API validada; periodo censal comparable por entidad y sexo. 2015 excluido por cobertura incompleta."
"POP-MALE","Poblacion de hombres","persons","27","Tabasco","male","2005","977785","official","INEGI Banco de Indicadores API v2.0","https://www.inegi.org.mx/app/api/indicadores/desarrolladores/jsonxml","2026-08-02","Consulta API validada; periodo censal comparable por entidad y sexo. 2015 excluido por cobertura incompleta."
"POP-TOTAL","Poblacion total","persons","27","Tabasco","total","2005","1989969","official","INEGI Banco de Indicadores API v2.0","https://www.inegi.org.mx/app/api/indicadores/desarrolladores/jsonxml","2026-08-02","Consulta API validada; periodo censal comparable por entidad y sexo. 2015 excluido por cobertura incompleta."
"POP-FEMALE","Poblacion de mujeres","persons","27","Tabasco","female","2010","1137845","official","INEGI Banco de Indicadores API v2.0","https://www.inegi.org.mx/app/api/indicadores/desarrolladores/jsonxml","2026-08-02","Consulta API validada; periodo censal comparable por entidad y sexo. 2015 excluido por cobertura incompleta."
"POP-MALE","Poblacion de hombres","persons","27","Tabasco","male","2010","1100758","official","INEGI Banco de Indicadores API v2.0","https://www.inegi.org.mx/app/api/indicadores/desarrolladores/jsonxml","2026-08-02","Consulta API validada; periodo censal comparable por entidad y sexo. 2015 excluido por cobertura incompleta."
"POP-TOTAL","Poblacion total","persons","27","Tabasco","total","2010","2238603","official","INEGI Banco de Indicadores API v2.0","https://www.inegi.org.mx/app/api/indicadores/desarrolladores/jsonxml","2026-08-02","Consulta API validada; periodo censal comparable por entidad y sexo. 2015 excluido por cobertura incompleta."
"POP-FEMALE","Poblacion de mujeres","persons","27","Tabasco","female","2020","1228927","official","INEGI Banco de Indicadores API v2.0","https://www.inegi.org.mx/app/api/indicadores/desarrolladores/jsonxml","2026-08-02","Consulta API validada; periodo censal comparable por entidad y sexo. 2015 excluido por cobertura incompleta."
"POP-MALE","Poblacion de hombres","persons","27","Tabasco","male","2020","1173671","official","INEGI Banco de Indicadores API v2.0","https://www.inegi.org.mx/app/api/indicadores/desarrolladores/jsonxml","2026-08-02","Consulta API validada; periodo censal comparable por entidad y sexo. 2015 excluido por cobertura incompleta."
"POP-TOTAL","Poblacion total","persons","27","Tabasco","total","2020","2402598","official","INEGI Banco de Indicadores API v2.0","https://www.inegi.org.mx/app/api/indicadores/desarrolladores/jsonxml","2026-08-02","Consulta API validada; periodo censal comparable por entidad y sexo. 2015 excluido por cobertura incompleta."
"POP-FEMALE","Poblacion de mujeres","persons","28","Tamaulipas","female","1995","1272628","official","INEGI Banco de Indicadores API v2.0","https://www.inegi.org.mx/app/api/indicadores/desarrolladores/jsonxml","2026-08-02","Consulta API validada; periodo censal comparable por entidad y sexo. 2015 excluido por cobertura incompleta."
"POP-MALE","Poblacion de hombres","persons","28","Tamaulipas","male","1995","1254700","official","INEGI Banco de Indicadores API v2.0","https://www.inegi.org.mx/app/api/indicadores/desarrolladores/jsonxml","2026-08-02","Consulta API validada; periodo censal comparable por entidad y sexo. 2015 excluido por cobertura incompleta."
"POP-TOTAL","Poblacion total","persons","28","Tamaulipas","total","1995","2527328","official","INEGI Banco de Indicadores API v2.0","https://www.inegi.org.mx/app/api/indicadores/desarrolladores/jsonxml","2026-08-02","Consulta API validada; periodo censal comparable por entidad y sexo. 2015 excluido por cobertura incompleta."
"POP-FEMALE","Poblacion de mujeres","persons","28","Tamaulipas","female","2000","1393348","official","INEGI Banco de Indicadores API v2.0","https://www.inegi.org.mx/app/api/indicadores/desarrolladores/jsonxml","2026-08-02","Consulta API validada; periodo censal comparable por entidad y sexo. 2015 excluido por cobertura incompleta."
"POP-MALE","Poblacion de hombres","persons","28","Tamaulipas","male","2000","1359874","official","INEGI Banco de Indicadores API v2.0","https://www.inegi.org.mx/app/api/indicadores/desarrolladores/jsonxml","2026-08-02","Consulta API validada; periodo censal comparable por entidad y sexo. 2015 excluido por cobertura incompleta."
"POP-TOTAL","Poblacion total","persons","28","Tamaulipas","total","2000","2753222","official","INEGI Banco de Indicadores API v2.0","https://www.inegi.org.mx/app/api/indicadores/desarrolladores/jsonxml","2026-08-02","Consulta API validada; periodo censal comparable por entidad y sexo. 2015 excluido por cobertura incompleta."
"POP-FEMALE","Poblacion de mujeres","persons","28","Tamaulipas","female","2005","1530665","official","INEGI Banco de Indicadores API v2.0","https://www.inegi.org.mx/app/api/indicadores/desarrolladores/jsonxml","2026-08-02","Consulta API validada; periodo censal comparable por entidad y sexo. 2015 excluido por cobertura incompleta."
"POP-MALE","Poblacion de hombres","persons","28","Tamaulipas","male","2005","1493573","official","INEGI Banco de Indicadores API v2.0","https://www.inegi.org.mx/app/api/indicadores/desarrolladores/jsonxml","2026-08-02","Consulta API validada; periodo censal comparable por entidad y sexo. 2015 excluido por cobertura incompleta."
"POP-TOTAL","Poblacion total","persons","28","Tamaulipas","total","2005","3024238","official","INEGI Banco de Indicadores API v2.0","https://www.inegi.org.mx/app/api/indicadores/desarrolladores/jsonxml","2026-08-02","Consulta API validada; periodo censal comparable por entidad y sexo. 2015 excluido por cobertura incompleta."
"POP-FEMALE","Poblacion de mujeres","persons","28","Tamaulipas","female","2010","1652353","official","INEGI Banco de Indicadores API v2.0","https://www.inegi.org.mx/app/api/indicadores/desarrolladores/jsonxml","2026-08-02","Consulta API validada; periodo censal comparable por entidad y sexo. 2015 excluido por cobertura incompleta."
"POP-MALE","Poblacion de hombres","persons","28","Tamaulipas","male","2010","1616201","official","INEGI Banco de Indicadores API v2.0","https://www.inegi.org.mx/app/api/indicadores/desarrolladores/jsonxml","2026-08-02","Consulta API validada; periodo censal comparable por entidad y sexo. 2015 excluido por cobertura incompleta."
"POP-TOTAL","Poblacion total","persons","28","Tamaulipas","total","2010","3268554","official","INEGI Banco de Indicadores API v2.0","https://www.inegi.org.mx/app/api/indicadores/desarrolladores/jsonxml","2026-08-02","Consulta API validada; periodo censal comparable por entidad y sexo. 2015 excluido por cobertura incompleta."
"POP-FEMALE","Poblacion de mujeres","persons","28","Tamaulipas","female","2020","1791595","official","INEGI Banco de Indicadores API v2.0","https://www.inegi.org.mx/app/api/indicadores/desarrolladores/jsonxml","2026-08-02","Consulta API validada; periodo censal comparable por entidad y sexo. 2015 excluido por cobertura incompleta."
"POP-MALE","Poblacion de hombres","persons","28","Tamaulipas","male","2020","1736140","official","INEGI Banco de Indicadores API v2.0","https://www.inegi.org.mx/app/api/indicadores/desarrolladores/jsonxml","2026-08-02","Consulta API validada; periodo censal comparable por entidad y sexo. 2015 excluido por cobertura incompleta."
"POP-TOTAL","Poblacion total","persons","28","Tamaulipas","total","2020","3527735","official","INEGI Banco de Indicadores API v2.0","https://www.inegi.org.mx/app/api/indicadores/desarrolladores/jsonxml","2026-08-02","Consulta API validada; periodo censal comparable por entidad y sexo. 2015 excluido por cobertura incompleta."
"POP-FEMALE","Poblacion de mujeres","persons","29","Tlaxcala","female","1995","448534","official","INEGI Banco de Indicadores API v2.0","https://www.inegi.org.mx/app/api/indicadores/desarrolladores/jsonxml","2026-08-02","Consulta API validada; periodo censal comparable por entidad y sexo. 2015 excluido por cobertura incompleta."
"POP-MALE","Poblacion de hombres","persons","29","Tlaxcala","male","1995","435390","official","INEGI Banco de Indicadores API v2.0","https://www.inegi.org.mx/app/api/indicadores/desarrolladores/jsonxml","2026-08-02","Consulta API validada; periodo censal comparable por entidad y sexo. 2015 excluido por cobertura incompleta."
"POP-TOTAL","Poblacion total","persons","29","Tlaxcala","total","1995","883924","official","INEGI Banco de Indicadores API v2.0","https://www.inegi.org.mx/app/api/indicadores/desarrolladores/jsonxml","2026-08-02","Consulta API validada; periodo censal comparable por entidad y sexo. 2015 excluido por cobertura incompleta."
"POP-FEMALE","Poblacion de mujeres","persons","29","Tlaxcala","female","2000","492698","official","INEGI Banco de Indicadores API v2.0","https://www.inegi.org.mx/app/api/indicadores/desarrolladores/jsonxml","2026-08-02","Consulta API validada; periodo censal comparable por entidad y sexo. 2015 excluido por cobertura incompleta."
"POP-MALE","Poblacion de hombres","persons","29","Tlaxcala","male","2000","469948","official","INEGI Banco de Indicadores API v2.0","https://www.inegi.org.mx/app/api/indicadores/desarrolladores/jsonxml","2026-08-02","Consulta API validada; periodo censal comparable por entidad y sexo. 2015 excluido por cobertura incompleta."
"POP-TOTAL","Poblacion total","persons","29","Tlaxcala","total","2000","962646","official","INEGI Banco de Indicadores API v2.0","https://www.inegi.org.mx/app/api/indicadores/desarrolladores/jsonxml","2026-08-02","Consulta API validada; periodo censal comparable por entidad y sexo. 2015 excluido por cobertura incompleta."
"POP-FEMALE","Poblacion de mujeres","persons","29","Tlaxcala","female","2005","550730","official","INEGI Banco de Indicadores API v2.0","https://www.inegi.org.mx/app/api/indicadores/desarrolladores/jsonxml","2026-08-02","Consulta API validada; periodo censal comparable por entidad y sexo. 2015 excluido por cobertura incompleta."
"POP-MALE","Poblacion de hombres","persons","29","Tlaxcala","male","2005","517477","official","INEGI Banco de Indicadores API v2.0","https://www.inegi.org.mx/app/api/indicadores/desarrolladores/jsonxml","2026-08-02","Consulta API validada; periodo censal comparable por entidad y sexo. 2015 excluido por cobertura incompleta."
"POP-TOTAL","Poblacion total","persons","29","Tlaxcala","total","2005","1068207","official","INEGI Banco de Indicadores API v2.0","https://www.inegi.org.mx/app/api/indicadores/desarrolladores/jsonxml","2026-08-02","Consulta API validada; periodo censal comparable por entidad y sexo. 2015 excluido por cobertura incompleta."
"POP-FEMALE","Poblacion de mujeres","persons","29","Tlaxcala","female","2010","604161","official","INEGI Banco de Indicadores API v2.0","https://www.inegi.org.mx/app/api/indicadores/desarrolladores/jsonxml","2026-08-02","Consulta API validada; periodo censal comparable por entidad y sexo. 2015 excluido por cobertura incompleta."
"POP-MALE","Poblacion de hombres","persons","29","Tlaxcala","male","2010","565775","official","INEGI Banco de Indicadores API v2.0","https://www.inegi.org.mx/app/api/indicadores/desarrolladores/jsonxml","2026-08-02","Consulta API validada; periodo censal comparable por entidad y sexo. 2015 excluido por cobertura incompleta."
"POP-TOTAL","Poblacion total","persons","29","Tlaxcala","total","2010","1169936","official","INEGI Banco de Indicadores API v2.0","https://www.inegi.org.mx/app/api/indicadores/desarrolladores/jsonxml","2026-08-02","Consulta API validada; periodo censal comparable por entidad y sexo. 2015 excluido por cobertura incompleta."
"POP-FEMALE","Poblacion de mujeres","persons","29","Tlaxcala","female","2020","693083","official","INEGI Banco de Indicadores API v2.0","https://www.inegi.org.mx/app/api/indicadores/desarrolladores/jsonxml","2026-08-02","Consulta API validada; periodo censal comparable por entidad y sexo. 2015 excluido por cobertura incompleta."
"POP-MALE","Poblacion de hombres","persons","29","Tlaxcala","male","2020","649894","official","INEGI Banco de Indicadores API v2.0","https://www.inegi.org.mx/app/api/indicadores/desarrolladores/jsonxml","2026-08-02","Consulta API validada; periodo censal comparable por entidad y sexo. 2015 excluido por cobertura incompleta."
"POP-TOTAL","Poblacion total","persons","29","Tlaxcala","total","2020","1342977","official","INEGI Banco de Indicadores API v2.0","https://www.inegi.org.mx/app/api/indicadores/desarrolladores/jsonxml","2026-08-02","Consulta API validada; periodo censal comparable por entidad y sexo. 2015 excluido por cobertura incompleta."
"POP-FEMALE","Poblacion de mujeres","persons","30","Veracruz de Ignacio de la Llave","female","1995","3413444","official","INEGI Banco de Indicadores API v2.0","https://www.inegi.org.mx/app/api/indicadores/desarrolladores/jsonxml","2026-08-02","Consulta API validada; periodo censal comparable por entidad y sexo. 2015 excluido por cobertura incompleta."
"POP-MALE","Poblacion de hombres","persons","30","Veracruz de Ignacio de la Llave","male","1995","3323880","official","INEGI Banco de Indicadores API v2.0","https://www.inegi.org.mx/app/api/indicadores/desarrolladores/jsonxml","2026-08-02","Consulta API validada; periodo censal comparable por entidad y sexo. 2015 excluido por cobertura incompleta."
"POP-TOTAL","Poblacion total","persons","30","Veracruz de Ignacio de la Llave","total","1995","6737324","official","INEGI Banco de Indicadores API v2.0","https://www.inegi.org.mx/app/api/indicadores/desarrolladores/jsonxml","2026-08-02","Consulta API validada; periodo censal comparable por entidad y sexo. 2015 excluido por cobertura incompleta."
"POP-FEMALE","Poblacion de mujeres","persons","30","Veracruz de Ignacio de la Llave","female","2000","3553811","official","INEGI Banco de Indicadores API v2.0","https://www.inegi.org.mx/app/api/indicadores/desarrolladores/jsonxml","2026-08-02","Consulta API validada; periodo censal comparable por entidad y sexo. 2015 excluido por cobertura incompleta."
"POP-MALE","Poblacion de hombres","persons","30","Veracruz de Ignacio de la Llave","male","2000","3355164","official","INEGI Banco de Indicadores API v2.0","https://www.inegi.org.mx/app/api/indicadores/desarrolladores/jsonxml","2026-08-02","Consulta API validada; periodo censal comparable por entidad y sexo. 2015 excluido por cobertura incompleta."
"POP-TOTAL","Poblacion total","persons","30","Veracruz de Ignacio de la Llave","total","2000","6908975","official","INEGI Banco de Indicadores API v2.0","https://www.inegi.org.mx/app/api/indicadores/desarrolladores/jsonxml","2026-08-02","Consulta API validada; periodo censal comparable por entidad y sexo. 2015 excluido por cobertura incompleta."
"POP-FEMALE","Poblacion de mujeres","persons","30","Veracruz de Ignacio de la Llave","female","2005","3686835","official","INEGI Banco de Indicadores API v2.0","https://www.inegi.org.mx/app/api/indicadores/desarrolladores/jsonxml","2026-08-02","Consulta API validada; periodo censal comparable por entidad y sexo. 2015 excluido por cobertura incompleta."
"POP-MALE","Poblacion de hombres","persons","30","Veracruz de Ignacio de la Llave","male","2005","3423379","official","INEGI Banco de Indicadores API v2.0","https://www.inegi.org.mx/app/api/indicadores/desarrolladores/jsonxml","2026-08-02","Consulta API validada; periodo censal comparable por entidad y sexo. 2015 excluido por cobertura incompleta."
"POP-TOTAL","Poblacion total","persons","30","Veracruz de Ignacio de la Llave","total","2005","7110214","official","INEGI Banco de Indicadores API v2.0","https://www.inegi.org.mx/app/api/indicadores/desarrolladores/jsonxml","2026-08-02","Consulta API validada; periodo censal comparable por entidad y sexo. 2015 excluido por cobertura incompleta."
"POP-FEMALE","Poblacion de mujeres","persons","30","Veracruz de Ignacio de la Llave","female","2010","3947515","official","INEGI Banco de Indicadores API v2.0","https://www.inegi.org.mx/app/api/indicadores/desarrolladores/jsonxml","2026-08-02","Consulta API validada; periodo censal comparable por entidad y sexo. 2015 excluido por cobertura incompleta."
"POP-MALE","Poblacion de hombres","persons","30","Veracruz de Ignacio de la Llave","male","2010","3695679","official","INEGI Banco de Indicadores API v2.0","https://www.inegi.org.mx/app/api/indicadores/desarrolladores/jsonxml","2026-08-02","Consulta API validada; periodo censal comparable por entidad y sexo. 2015 excluido por cobertura incompleta."
"POP-TOTAL","Poblacion total","persons","30","Veracruz de Ignacio de la Llave","total","2010","7643194","official","INEGI Banco de Indicadores API v2.0","https://www.inegi.org.mx/app/api/indicadores/desarrolladores/jsonxml","2026-08-02","Consulta API validada; periodo censal comparable por entidad y sexo. 2015 excluido por cobertura incompleta."
"POP-FEMALE","Poblacion de mujeres","persons","30","Veracruz de Ignacio de la Llave","female","2020","4190805","official","INEGI Banco de Indicadores API v2.0","https://www.inegi.org.mx/app/api/indicadores/desarrolladores/jsonxml","2026-08-02","Consulta API validada; periodo censal comparable por entidad y sexo. 2015 excluido por cobertura incompleta."
"POP-MALE","Poblacion de hombres","persons","30","Veracruz de Ignacio de la Llave","male","2020","3871774","official","INEGI Banco de Indicadores API v2.0","https://www.inegi.org.mx/app/api/indicadores/desarrolladores/jsonxml","2026-08-02","Consulta API validada; periodo censal comparable por entidad y sexo. 2015 excluido por cobertura incompleta."
"POP-TOTAL","Poblacion total","persons","30","Veracruz de Ignacio de la Llave","total","2020","8062579","official","INEGI Banco de Indicadores API v2.0","https://www.inegi.org.mx/app/api/indicadores/desarrolladores/jsonxml","2026-08-02","Consulta API validada; periodo censal comparable por entidad y sexo. 2015 excluido por cobertura incompleta."
"POP-FEMALE","Poblacion de mujeres","persons","31","Yucatán","female","1995","783187","official","INEGI Banco de Indicadores API v2.0","https://www.inegi.org.mx/app/api/indicadores/desarrolladores/jsonxml","2026-08-02","Consulta API validada; periodo censal comparable por entidad y sexo. 2015 excluido por cobertura incompleta."
"POP-MALE","Poblacion de hombres","persons","31","Yucatán","male","1995","773435","official","INEGI Banco de Indicadores API v2.0","https://www.inegi.org.mx/app/api/indicadores/desarrolladores/jsonxml","2026-08-02","Consulta API validada; periodo censal comparable por entidad y sexo. 2015 excluido por cobertura incompleta."
"POP-TOTAL","Poblacion total","persons","31","Yucatán","total","1995","1556622","official","INEGI Banco de Indicadores API v2.0","https://www.inegi.org.mx/app/api/indicadores/desarrolladores/jsonxml","2026-08-02","Consulta API validada; periodo censal comparable por entidad y sexo. 2015 excluido por cobertura incompleta."
"POP-FEMALE","Poblacion de mujeres","persons","31","Yucatán","female","2000","840005","official","INEGI Banco de Indicadores API v2.0","https://www.inegi.org.mx/app/api/indicadores/desarrolladores/jsonxml","2026-08-02","Consulta API validada; periodo censal comparable por entidad y sexo. 2015 excluido por cobertura incompleta."
"POP-MALE","Poblacion de hombres","persons","31","Yucatán","male","2000","818205","official","INEGI Banco de Indicadores API v2.0","https://www.inegi.org.mx/app/api/indicadores/desarrolladores/jsonxml","2026-08-02","Consulta API validada; periodo censal comparable por entidad y sexo. 2015 excluido por cobertura incompleta."
"POP-TOTAL","Poblacion total","persons","31","Yucatán","total","2000","1658210","official","INEGI Banco de Indicadores API v2.0","https://www.inegi.org.mx/app/api/indicadores/desarrolladores/jsonxml","2026-08-02","Consulta API validada; periodo censal comparable por entidad y sexo. 2015 excluido por cobertura incompleta."
"POP-FEMALE","Poblacion de mujeres","persons","31","Yucatán","female","2005","922386","official","INEGI Banco de Indicadores API v2.0","https://www.inegi.org.mx/app/api/indicadores/desarrolladores/jsonxml","2026-08-02","Consulta API validada; periodo censal comparable por entidad y sexo. 2015 excluido por cobertura incompleta."
"POP-MALE","Poblacion de hombres","persons","31","Yucatán","male","2005","896562","official","INEGI Banco de Indicadores API v2.0","https://www.inegi.org.mx/app/api/indicadores/desarrolladores/jsonxml","2026-08-02","Consulta API validada; periodo censal comparable por entidad y sexo. 2015 excluido por cobertura incompleta."
"POP-TOTAL","Poblacion total","persons","31","Yucatán","total","2005","1818948","official","INEGI Banco de Indicadores API v2.0","https://www.inegi.org.mx/app/api/indicadores/desarrolladores/jsonxml","2026-08-02","Consulta API validada; periodo censal comparable por entidad y sexo. 2015 excluido por cobertura incompleta."
"POP-FEMALE","Poblacion de mujeres","persons","31","Yucatán","female","2010","992244","official","INEGI Banco de Indicadores API v2.0","https://www.inegi.org.mx/app/api/indicadores/desarrolladores/jsonxml","2026-08-02","Consulta API validada; periodo censal comparable por entidad y sexo. 2015 excluido por cobertura incompleta."
"POP-MALE","Poblacion de hombres","persons","31","Yucatán","male","2010","963333","official","INEGI Banco de Indicadores API v2.0","https://www.inegi.org.mx/app/api/indicadores/desarrolladores/jsonxml","2026-08-02","Consulta API validada; periodo censal comparable por entidad y sexo. 2015 excluido por cobertura incompleta."
"POP-TOTAL","Poblacion total","persons","31","Yucatán","total","2010","1955577","official","INEGI Banco de Indicadores API v2.0","https://www.inegi.org.mx/app/api/indicadores/desarrolladores/jsonxml","2026-08-02","Consulta API validada; periodo censal comparable por entidad y sexo. 2015 excluido por cobertura incompleta."
"POP-FEMALE","Poblacion de mujeres","persons","31","Yucatán","female","2020","1180619","official","INEGI Banco de Indicadores API v2.0","https://www.inegi.org.mx/app/api/indicadores/desarrolladores/jsonxml","2026-08-02","Consulta API validada; periodo censal comparable por entidad y sexo. 2015 excluido por cobertura incompleta."
"POP-MALE","Poblacion de hombres","persons","31","Yucatán","male","2020","1140279","official","INEGI Banco de Indicadores API v2.0","https://www.inegi.org.mx/app/api/indicadores/desarrolladores/jsonxml","2026-08-02","Consulta API validada; periodo censal comparable por entidad y sexo. 2015 excluido por cobertura incompleta."
"POP-TOTAL","Poblacion total","persons","31","Yucatán","total","2020","2320898","official","INEGI Banco de Indicadores API v2.0","https://www.inegi.org.mx/app/api/indicadores/desarrolladores/jsonxml","2026-08-02","Consulta API validada; periodo censal comparable por entidad y sexo. 2015 excluido por cobertura incompleta."
"POP-FEMALE","Poblacion de mujeres","persons","32","Zacatecas","female","1995","680956","official","INEGI Banco de Indicadores API v2.0","https://www.inegi.org.mx/app/api/indicadores/desarrolladores/jsonxml","2026-08-02","Consulta API validada; periodo censal comparable por entidad y sexo. 2015 excluido por cobertura incompleta."
"POP-MALE","Poblacion de hombres","persons","32","Zacatecas","male","1995","655540","official","INEGI Banco de Indicadores API v2.0","https://www.inegi.org.mx/app/api/indicadores/desarrolladores/jsonxml","2026-08-02","Consulta API validada; periodo censal comparable por entidad y sexo. 2015 excluido por cobertura incompleta."
"POP-TOTAL","Poblacion total","persons","32","Zacatecas","total","1995","1336496","official","INEGI Banco de Indicadores API v2.0","https://www.inegi.org.mx/app/api/indicadores/desarrolladores/jsonxml","2026-08-02","Consulta API validada; periodo censal comparable por entidad y sexo. 2015 excluido por cobertura incompleta."
"POP-FEMALE","Poblacion de mujeres","persons","32","Zacatecas","female","2000","700027","official","INEGI Banco de Indicadores API v2.0","https://www.inegi.org.mx/app/api/indicadores/desarrolladores/jsonxml","2026-08-02","Consulta API validada; periodo censal comparable por entidad y sexo. 2015 excluido por cobertura incompleta."
"POP-MALE","Poblacion de hombres","persons","32","Zacatecas","male","2000","653583","official","INEGI Banco de Indicadores API v2.0","https://www.inegi.org.mx/app/api/indicadores/desarrolladores/jsonxml","2026-08-02","Consulta API validada; periodo censal comparable por entidad y sexo. 2015 excluido por cobertura incompleta."
"POP-TOTAL","Poblacion total","persons","32","Zacatecas","total","2000","1353610","official","INEGI Banco de Indicadores API v2.0","https://www.inegi.org.mx/app/api/indicadores/desarrolladores/jsonxml","2026-08-02","Consulta API validada; periodo censal comparable por entidad y sexo. 2015 excluido por cobertura incompleta."
"POP-FEMALE","Poblacion de mujeres","persons","32","Zacatecas","female","2005","708359","official","INEGI Banco de Indicadores API v2.0","https://www.inegi.org.mx/app/api/indicadores/desarrolladores/jsonxml","2026-08-02","Consulta API validada; periodo censal comparable por entidad y sexo. 2015 excluido por cobertura incompleta."
"POP-MALE","Poblacion de hombres","persons","32","Zacatecas","male","2005","659333","official","INEGI Banco de Indicadores API v2.0","https://www.inegi.org.mx/app/api/indicadores/desarrolladores/jsonxml","2026-08-02","Consulta API validada; periodo censal comparable por entidad y sexo. 2015 excluido por cobertura incompleta."
"POP-TOTAL","Poblacion total","persons","32","Zacatecas","total","2005","1367692","official","INEGI Banco de Indicadores API v2.0","https://www.inegi.org.mx/app/api/indicadores/desarrolladores/jsonxml","2026-08-02","Consulta API validada; periodo censal comparable por entidad y sexo. 2015 excluido por cobertura incompleta."
"POP-FEMALE","Poblacion de mujeres","persons","32","Zacatecas","female","2010","763771","official","INEGI Banco de Indicadores API v2.0","https://www.inegi.org.mx/app/api/indicadores/desarrolladores/jsonxml","2026-08-02","Consulta API validada; periodo censal comparable por entidad y sexo. 2015 excluido por cobertura incompleta."
"POP-MALE","Poblacion de hombres","persons","32","Zacatecas","male","2010","726897","official","INEGI Banco de Indicadores API v2.0","https://www.inegi.org.mx/app/api/indicadores/desarrolladores/jsonxml","2026-08-02","Consulta API validada; periodo censal comparable por entidad y sexo. 2015 excluido por cobertura incompleta."
"POP-TOTAL","Poblacion total","persons","32","Zacatecas","total","2010","1490668","official","INEGI Banco de Indicadores API v2.0","https://www.inegi.org.mx/app/api/indicadores/desarrolladores/jsonxml","2026-08-02","Consulta API validada; periodo censal comparable por entidad y sexo. 2015 excluido por cobertura incompleta."
"POP-FEMALE","Poblacion de mujeres","persons","32","Zacatecas","female","2020","831080","official","INEGI Banco de Indicadores API v2.0","https://www.inegi.org.mx/app/api/indicadores/desarrolladores/jsonxml","2026-08-02","Consulta API validada; periodo censal comparable por entidad y sexo. 2015 excluido por cobertura incompleta."
"POP-MALE","Poblacion de hombres","persons","32","Zacatecas","male","2020","791058","official","INEGI Banco de Indicadores API v2.0","https://www.inegi.org.mx/app/api/indicadores/desarrolladores/jsonxml","2026-08-02","Consulta API validada; periodo censal comparable por entidad y sexo. 2015 excluido por cobertura incompleta."
"POP-TOTAL","Poblacion total","persons","32","Zacatecas","total","2020","1622138","official","INEGI Banco de Indicadores API v2.0","https://www.inegi.org.mx/app/api/indicadores/desarrolladores/jsonxml","2026-08-02","Consulta API validada; periodo censal comparable por entidad y sexo. 2015 excluido por cobertura incompleta."
